apt_name,coef_x2m,coef_x2y,coef_m2y,acme,acme_p,ade,ade_p,total,total_p,prop_m,prop_m_p,prop_m_ci_lower,prop_m_ci_upper,p_adjusted,ade_p_adjusted,prop_m_p_adjusted,Protein_id,UniProt,EntrezGeneSymbol,symbol,ref_name,label
seq.10046.55,-0.213486516334086,0.823030571884445,0.0134989692875251,-0.0006666157672851,0.818,0.823030571884445,0.0,0.82236395611716,0.0,-0.000810609174109,0.818,-0.0074512827174103,0.003898889759178,1,0.0,1,cIAP.1__seq.10046.55__ANML,Q13490,BIRC2,BIRC2,BIRC2__seq.10046.55,BIRC2_1
seq.10082.251,-0.331758686556139,-0.158328400534145,0.014386882943932,-0.0005042824949419,0.818,-0.158328400534145,0.0,-0.158832683029087,0.0,0.0031749290216899,0.818,-0.0251803268255085,0.0410843014073523,1,0.0,1,NFL__seq.10082.251__ANML,P07196,NEFL,NEFL,NEFL__seq.10082.251,NEFL
seq.10449.31,-0.22632997411161,-0.120367178520848,-0.0525375416429175,0.0024863445633479,0.686,-0.120367178520848,0.0,-0.1178808339575,0.0,-0.021092017080948,0.686,-0.100149981853204,0.0430136113257121,1,0.0,1,TMM46__seq.10449.31__ANML,Q6UWI4,SHISA2,SHISA2,SHISA2__seq.10449.31,SHISA2
seq.10833.64,-0.226020084210292,0.135310244087519,0.0492217055102168,-0.0040428505552539,0.606,0.13531024408752,0.0,0.131267393532267,0.0,-0.0307985894018697,0.606,-0.0699473031030099,0.0301316076700304,1,0.0,1,HHIP__seq.10833.64__ANML,Q96QV1,HHIP,HHIP,HHIP__seq.10833.64,HHIP
seq.10953.14,-0.229977644864382,0.0679818090283596,-0.0003551341373501,5.12564734320869e-06,0.814,0.0679818090283604,0.0,0.0679869346757036,0.0,7.53916523469977e-05,0.814,-0.0301734199851797,0.0726292936762123,1,0.0,1,CLC2A__seq.10953.14__ANML,Q6UVW9,CLEC2A,CLEC2A,CLEC2A__seq.10953.14,CLEC2A
seq.11402.17,-0.186614119418001,0.124918287747295,-0.0292712136291931,0.0006072865898173,0.782,0.124918287747295,0.0,0.125525574337113,0.0,0.0048379510950204,0.782,-0.0356490382174291,0.0617533244657936,1,0.0,1,KMT2C__seq.11402.17__ANML,Q8NEZ4,KMT2C,KMT2C,KMT2C__seq.11402.17,KMT2C
seq.11536.9,-0.191214802328862,0.127230938872855,0.0427167639857954,-0.0015886399829427,0.74,0.127230938872855,0.004,0.125642298889912,0.004,-0.0126441492791752,0.74,-0.0616231876943267,0.0473465269206478,1,0.0044266666666666,1,MYSM1__seq.11536.9__ANML,Q5VVJ2,MYSM1,MYSM1,MYSM1__seq.11536.9,MYSM1
seq.12500.88,-0.226020084210292,0.415756292069409,-0.0086294000314668,0.0002480731015206,0.912,0.41575629206941,0.0,0.416004365170931,0.0,0.0005963233136235,0.912,-0.0181388862929562,0.0220600978842152,1,0.0,1,SAE2__seq.12500.88__ANML,Q9UBT2,UBA2,UBA2,UBA2__seq.12500.88,UBA2
seq.12501.10,-0.226020084210292,-0.271289928694421,-0.0048682766372888,9.99646126753423e-05,0.912,-0.271289928694421,0.0,-0.271189964081746,0.0,-0.0003686147199946,0.912,-0.0197349847757717,0.0148452920815466,1,0.0,1,TBCA__seq.12501.10__ANML,O75347,TBCA,TBCA,TBCA__seq.12501.10,TBCA
seq.12587.65,-0.226020084210292,-0.59600908266529,0.0023873394150266,-6.3727746191671e-05,0.956,-0.59600908266529,0.0,-0.596072810411482,0.0,0.0001069126876424,0.956,-0.0098461667466768,0.0100489445807746,1,0.0,1,ARL2__seq.12587.65__ANML,P36404,ARL2,ARL2,ARL2__seq.12587.65,ARL2
seq.12650.43,-0.217611796454739,0.147947768463572,-0.0305459709455895,0.0008817393675015,0.662,0.147947768463572,0.0,0.148829507831074,0.0,0.0059244929339036,0.662,-0.0231939554476537,0.0367359313934093,1,0.0,1,GNAI3__seq.12650.43__ANML,P08754,GNAI3,GNAI3,GNAI3__seq.12650.43,GNAI3
seq.13007.66,-0.228286411560047,-0.159647348285371,-0.0934735425055027,-0.0003846647839732,0.596,-0.159647348285372,0.002,-0.160032013069345,0.002,0.0024036739686988,0.598,-0.113131022243283,0.0502874826467447,1,0.0024411764705882,1,LCN10__seq.13007.66__ANML,Q6JVE6,LCN10,LCN10,LCN10__seq.13007.66,LCN10
seq.13507.51,-0.226020084210292,-0.270461042124343,-0.0207740696642232,0.0004265722723659,0.808,-0.270461042124344,0.0,-0.270034469851978,0.0,-0.0015796956314496,0.808,-0.0337445086410892,0.0199705895094642,1,0.0,1,TRADD__seq.13507.51__ANML,Q15628,TRADD,TRADD,TRADD__seq.13507.51,TRADD
seq.13532.25,-0.241681966456416,0.0866754321519172,0.0030644719268821,-0.0001525878137866,0.908,0.0866754321519174,0.012,0.0865228443381308,0.012,-0.0017635552200562,0.908,-0.0434847458412176,0.0382239442246729,1,0.012,1,NEPR1__seq.13532.25__ANML,Q8N9A8,CNEP1R1,CNEP1R1,CNEP1R1__seq.13532.25,CNEP1R1
seq.13732.79,-0.196707698289706,-0.0662826682387557,0.0345063895279516,-0.0020632686521868,0.552,-0.0662826682387561,0.004,-0.0683459368909429,0.004,0.030188607341488,0.552,-0.0481218991194371,0.100588522088741,1,0.0044266666666666,1,Cardiotrophin.1__seq.13732.79__ANML,Q16619,CTF1,CTF1,CTF1__seq.13732.79,CTF1_1
seq.14318.1,-0.211990500320994,1.06780812300321,0.0060285330620015,8.70097555340493e-05,0.946,1.06780812300321,0.0,1.06789513275874,0.0,8.14778088830437e-05,0.946,-0.0031370973748671,0.0029678175634519,1,0.0,1,VPS29__seq.14318.1__ANML,Q9UBQ0,VPS29,VPS29,VPS29__seq.14318.1,VPS29
seq.14341.8,-0.232046566996753,-0.0844436877914206,-0.0241764728519673,0.0003987871810633,0.696,-0.0844436877914205,0.0,-0.0840449006103571,0.0,-0.0047449301286252,0.696,-0.0530444918642317,0.024515715181505,1,0.0,1,FA69C__seq.14341.8__ANML,Q0P6D2,DIPK1C,DIPK1C,DIPK1C__seq.14341.8,DIPK1C
seq.15364.101,-0.226020084210292,0.0570405404507986,-0.0051846268830534,-4.2584204378265e-05,0.948,0.0570405404507994,0.0,0.0569979562464212,0.0,-0.0007471180930445,0.948,-0.0363264698996828,0.0438219189675757,1,0.0,1,Apo_C.I__seq.15364.101__ANML,P02654,APOC1,APOC1,APOC1__seq.15364.101,APOC1
seq.15548.35,-0.226020084210292,0.306826293018681,-0.0181752114518419,0.0004851699155522,0.768,0.30682629301868,0.0,0.307311462934233,0.0,0.0015787563240233,0.768,-0.0088021590931737,0.0167002026028045,1,0.0,1,SERA__seq.15548.35__ANML,O43175,PHGDH,PHGDH,PHGDH__seq.15548.35,PHGDH_1
seq.17467.1,-0.229649620721814,0.102813910279466,-0.0352241492528138,0.0013072880135064,0.642,0.102813910279465,0.0,0.104121198292972,0.0,0.0125554453361941,0.642,-0.0513291409688715,0.0692895052565674,1,0.0,1,DHRS9__seq.17467.1__ANML,Q9BPW9,DHRS9,DHRS9,DHRS9__seq.17467.1,DHRS9
seq.17671.58,-0.226581064104433,0.513626119913283,0.0307623981447107,-0.0014558336570541,0.814,0.513626119913283,0.0,0.512170286256229,0.0,-0.002842479730122,0.814,-0.0130152777700256,0.0084920407203783,1,0.0,1,ING4__seq.17671.58__ANML,Q9UNL4,ING4,ING4,ING4__seq.17671.58,ING4
seq.18275.5,-0.226020084210292,-0.166963220626134,-0.023922492368505,4.91221609209564e-05,0.834,-0.166963220626135,0.0,-0.166914098465214,0.0,-0.0002942960563106,0.834,-0.0429458759497455,0.0307039361535271,1,0.0,1,CRIP1__seq.18275.5__ANML,P50238,CRIP1,CRIP1,CRIP1__seq.18275.5,CRIP1
seq.19158.1,-0.226581586108024,0.511618779382111,0.0342652353482806,-0.0008460551937846,0.728,0.511618779382111,0.0,0.510772724188327,0.0,-0.0016564220321849,0.728,-0.0162401255503329,0.0099791891394904,1,0.0,1,PAF__seq.19158.1__ANML,Q15004,PCLAF,PCLAF,PCLAF__seq.19158.1,PCLAF
seq.19606.28,-0.226020084210292,0.141005150049107,0.0179357519858155,0.0,1.0,0.141005150049107,0.002,0.141005150049107,0.002,0.0,1.0,-0.0463568551192632,0.0346919479287209,1,0.0024411764705882,1,ihh__seq.19606.28__ANML,Q14623,IHH,IHH,IHH__seq.19606.28,IHH
seq.19620.16,-0.226020084210292,-0.133297489743675,-0.0288325504600871,0.0,1.0,-0.133297489743676,0.004,-0.133297489743676,0.006,0.0,1.0,-0.0536627993305778,0.0425835848906468,1,0.0044266666666666,1,DLG2__seq.19620.16__ANML,Q15700,DLG2,DLG2,DLG2__seq.19620.16,DLG2
seq.19823.75,-0.226020084210292,0.129780708659592,-0.0703831700501113,-0.0007226198157095,0.65,0.129780708659592,0.002,0.129058088843882,0.0,-0.0055991826795427,0.65,-0.0600896402654828,0.096878045433018,1,0.0024411764705882,1,SIR1__seq.19823.75__ANML,Q96EB6,SIRT1,SIRT1,SIRT1__seq.19823.75,SIRT1
seq.20089.172,-0.315937893224702,0.103517064375432,0.0033244193825706,-0.0001648472421109,0.854,0.103517064375431,0.002,0.10335221713332,0.002,-0.0015950044100001,0.856,-0.0585646668436266,0.0291029438641413,1,0.0024411764705882,1,ST1C4__seq.20089.172__ANML,O75897,SULT1C4,SULT1C4,SULT1C4__seq.20089.172,SULT1C4
seq.20133.1,-0.210447126306153,-0.160221051120159,0.0116416857774016,-4.80069516593896e-05,0.916,-0.16022105112016,0.0,-0.16026905807182,0.0,0.0002995397379691,0.916,-0.0165488603851772,0.0243607999961126,1,0.0,1,MAGE.3__seq.20133.1__ANML,P43357,MAGEA3,MAGEA3,MAGEA3__seq.20133.1,MAGEA3_2
seq.20241.9,-0.226020084210292,-0.159357551260088,0.0507837057097031,-0.0005213932824404,0.662,-0.159357551260088,0.0,-0.159878944542529,0.0,0.0032611754095098,0.662,-0.03377092228156,0.0491135002092395,1,0.0,1,SNP23__seq.20241.9__ANML,O00161,SNAP23,SNAP23,SNAP23__seq.20241.9,SNAP23
seq.20387.277,-0.226020084210292,-0.262176059924755,0.0128814695535038,-0.0004761118110124,0.946,-0.262176059924755,0.0,-0.262652171735768,0.0,0.0018127084496047,0.946,-0.0205239274062502,0.0224887303835953,1,0.0,1,CHCH7__seq.20387.277__ANML,Q9BUK0,CHCHD7,CHCHD7,CHCHD7__seq.20387.277,CHCHD7
seq.20398.60,-0.226020084210292,-0.441031455280545,-0.0068517840279659,0.0003095261778547,0.97,-0.441031455280545,0.0,-0.44072192910269,0.0,-0.0007023162620587,0.97,-0.0281737357586952,0.0231175978221808,1,0.0,1,POP7__seq.20398.60__ANML,O75817,POP7,POP7,POP7__seq.20398.60,POP7
seq.21115.48,-0.226020084210292,-0.653496563571235,0.0175568777240524,-0.000396561919845,0.924,-0.653496563571235,0.0,-0.65389312549108,0.0,0.0006064628979655,0.924,-0.0125862421637536,0.0140781075932464,1,0.0,1,BN3D2__seq.21115.48__ANML,Q7Z5W3,BCDIN3D,BCDIN3D,BCDIN3D__seq.21115.48,BCDIN3D
seq.21152.25,-0.209556992835229,-0.11437887317033,-0.0058257872693774,0.0001678210324512,0.984,-0.11437887317033,0.0,-0.114211052137879,0.0,-0.0014693939799154,0.984,-0.0323507709136241,0.0458162830015958,1,0.0,1,EYA2__seq.21152.25__ANML,O00167,EYA2,EYA2,EYA2__seq.21152.25,EYA2
seq.21238.40,-0.205776615950528,-0.144538543404401,-0.0102274072621573,8.41761914580813e-05,0.944,-0.144538543404401,0.0,-0.144454367212943,0.0,-0.000582718218093,0.944,-0.0359000196443557,0.0346759457163416,1,0.0,1,CK5P3__seq.21238.40__ANML,Q96JB5,CDK5RAP3,CDK5RAP3,CDK5RAP3__seq.21238.40,CDK5RAP3
seq.21366.7,-0.226020084210292,-0.114587809673311,-0.0032068197695555,0.0001119423738858,0.92,-0.11458780967331,0.006,-0.114475867299424,0.006,-0.0009778687554557,0.918,-0.0415602634731295,0.0415451319308185,1,0.0063037974683544,1,MSI2H__seq.21366.7__ANML,Q96DH6,MSI2,MSI2,MSI2__seq.21366.7,MSI2
seq.21497.32,-0.226020084210292,-0.0722094477240838,-0.0010327844873054,4.24141473228533e-06,0.974,-0.0722094477240836,0.004,-0.0722052063093513,0.004,-5.87411206071996e-05,0.97,-0.0373252642638387,0.0379933236205716,1,0.0044266666666666,1,HYOU1__seq.21497.32__ANML,Q9Y4L1,HYOU1,HYOU1,HYOU1__seq.21497.32,HYOU1
seq.21569.49,-0.226020084210292,0.254244917964377,0.0969575387709026,-0.0037827376522529,0.638,0.254244917964376,0.0,0.250462180312124,0.0,-0.0151030293177951,0.638,-0.0666465789390898,0.0294744321829363,1,0.0,1,STK10__seq.21569.49__ANML,O94804,STK10,STK10,STK10__seq.21569.49,STK10
seq.21572.91,-0.199876665485616,0.0718051108991745,0.0129384505617689,-8.03630469675096e-05,0.856,0.0718051108991737,0.002,0.0717247478522062,0.002,-0.0011204368000442,0.858,-0.058038090124537,0.0361146119825286,1,0.0024411764705882,1,XYLT2__seq.21572.91__ANML,Q9H1B5,XYLT2,XYLT2,XYLT2__seq.21572.91,XYLT2
seq.21655.18,-0.243336990046159,0.142558607163779,-0.025937989833801,0.0010182268736409,0.71,0.14255860716378,0.0,0.143576834037421,0.0,0.0070918604694653,0.71,-0.0244385351040649,0.0449406962610558,1,0.0,1,FOPNL__seq.21655.18__ANML,Q96NB1,CEP20,CEP20,CEP20__seq.21655.18,CEP20
seq.21750.25,-0.34388258175815,0.121948138601492,-0.0116532619661019,0.000747931927431,0.836,0.121948138601493,0.01,0.122696070528924,0.01,0.0060958099489806,0.834,-0.034281319897889,0.0470400185302785,1,0.0102469135802469,1,BAP1__seq.21750.25__ANML,Q92560,BAP1,BAP1,BAP1__seq.21750.25,BAP1
seq.21802.53,-0.226020084210292,-0.0993252980249444,-0.0582846753841569,0.0040691559816455,0.564,-0.0993252980249437,0.0,-0.0952561420432982,0.0,-0.0427180431031514,0.564,-0.0908081375747507,0.0455914387033585,1,0.0,1,NEIL1__seq.21802.53__ANML,Q96FI4,NEIL1,NEIL1,NEIL1__seq.21802.53,NEIL1
seq.21823.5,-0.229367408594368,-0.179650209418556,-0.0056628498238881,-8.15636805909869e-05,0.854,-0.179650209418556,0.0,-0.179731773099147,0.0,0.0004538078002824,0.854,-0.026429811928045,0.0158138118764328,1,0.0,1,PPM1G__seq.21823.5__ANML,O15355,PPM1G,PPM1G,PPM1G__seq.21823.5,PPM1G
seq.21849.2,-0.228108002454602,-0.0870674618767596,-0.036417377096951,0.0017983889924421,0.672,-0.0870674618767566,0.0,-0.0852690728843145,0.0,-0.0210907534421303,0.672,-0.0960443587347174,0.0469137486972534,1,0.0,1,UBQL3__seq.21849.2__ANML,Q9H347,UBQLN3,UBQLN3,UBQLN3__seq.21849.2,UBQLN3
seq.21861.8,-0.226517789232598,-0.0885178640696521,-0.0469702919494234,0.002126227207587,0.59,-0.0885178640696527,0.0,-0.0863916368620656,0.0,-0.0246114934826598,0.59,-0.102838058155757,0.0574245139094513,1,0.0,1,PSB10__seq.21861.8__ANML,P40306,PSMB10,PSMB10,PSMB10__seq.21861.8,PSMB10
seq.22055.31,-0.181711104903416,0.176932164784401,0.022656211900226,-0.0004681035516575,0.942,0.176932164784401,0.0,0.176464061232744,0.0,-0.0026526849058526,0.942,-0.0315991915381477,0.0285304823969463,1,0.0,1,FOXO1A__seq.22055.31__ANML,Q12778,FOXO1,FOXO1,FOXO1__seq.22055.31,FOXO1
seq.22086.2,-0.207050078999135,0.128686488360367,-0.0334163783790003,0.0002755989969402,0.736,0.128686488360367,0.006,0.128962087357308,0.004,0.0021370544055837,0.736,-0.0321706477053296,0.0570593774043718,1,0.0063037974683544,1,BRM1L__seq.22086.2__ANML,Q5PSV4,BRMS1L,BRMS1L,BRMS1L__seq.22086.2,BRMS1L
seq.22088.3,-0.214086107927434,-0.102291729308131,0.0303018682847589,-0.0012469904643933,0.692,-0.10229172930813,0.0,-0.103538719772524,0.0,0.0120437114456602,0.692,-0.0331381251699874,0.0692863863764687,1,0.0,1,BTG1__seq.22088.3__ANML,P62324,BTG1,BTG1,BTG1__seq.22088.3,BTG1
seq.22472.4,-0.229312654348602,-0.352448334461157,0.0232823493823749,-0.0005269667555681,0.962,-0.352448334461156,0.0,-0.352975301216725,0.0,0.0014929281276952,0.962,-0.0392481942401044,0.0394642196709667,1,0.0,1,HTF4__seq.22472.4__ANML,Q99081,TCF12,TCF12,TCF12__seq.22472.4,TCF12
seq.22518.54,-0.226020084210292,-0.188180825118401,-0.102031577022883,0.0027236355262782,0.57,-0.188180825118401,0.0,-0.185457189592123,0.0,-0.0146860606065925,0.57,-0.11961091022725,0.0529298727036892,1,0.0,1,NSL1__seq.22518.54__ANML,Q96IY1,NSL1,NSL1,NSL1__seq.22518.54,NSL1
seq.22792.21,-0.235090269451357,-0.124872207238678,-0.0580804668729886,0.0008400067522953,0.526,-0.124872207238678,0.0,-0.124032200486382,0.0,-0.0067724893132694,0.526,-0.0761634588388192,0.0316123758971549,1,0.0,1,SYWM__seq.22792.21__ANML,Q9UGM6,WARS2,WARS2,WARS2__seq.22792.21,WARS2
seq.22821.50,-0.226020084210292,1.57209793551706,-0.0157191905965929,0.0001613879938048,0.896,1.57209793551706,0.0,1.57225932351086,0.0,0.0001026471850995,0.896,-0.0037157197166492,0.0032572092617288,1,0.0,1,UNG__seq.22821.50__ANML,P13051,UNG,UNG,UNG__seq.22821.50,UNG
seq.22992.6,-0.216126807811265,0.120039673715758,0.0433445566199515,-0.0010746584285938,0.7,0.120039673715758,0.0,0.118965015287164,0.0,-0.00903339881897,0.7,-0.063065870420449,0.0313696217898249,1,0.0,1,MARE3__seq.22992.6__ANML,Q9UPY8,MAPRE3,MAPRE3,MAPRE3__seq.22992.6,MAPRE3_2
seq.23245.5,-0.209909901221851,0.0897146794971761,-0.0363775862142677,0.0009730630057314,0.71,0.0897146794971762,0.0,0.0906877425029076,0.0,0.0107298183731968,0.71,-0.054788051020047,0.067500464347776,1,0.0,1,SPC1L__seq.23245.5__ANML,Q9H0A9,SPATC1L,SPATC1L,SPATC1L__seq.23245.5,SPATC1L
seq.23356.32,-0.212271394429736,0.375954666383115,0.0067494593851163,-1.40030277699683e-05,0.992,0.375954666383115,0.0,0.375940663355345,0.0,-3.72479732439383e-05,0.992,-0.0183932502368182,0.0156711472567617,1,0.0,1,CCD24__seq.23356.32__ANML,Q8N4L8,CCDC24,CCDC24,CCDC24__seq.23356.32,CCDC24
seq.23631.1,-0.22852666587304,-0.0935710171724522,-0.0013352274138207,1.09895260396916e-05,0.968,-0.0935710171724517,0.0,-0.093560027646412,0.0,-0.0001174596279644,0.968,-0.0325680444885809,0.0274043897627023,1,0.0,1,GALK2__seq.23631.1__ANML,Q01415,GALK2,GALK2,GALK2__seq.23631.1,GALK2
seq.23678.132,-0.298051132324841,0.0664898166596094,-0.021444941021687,0.0006215924933822,0.624,0.06648981665961,0.006,0.0671114091529922,0.004,0.0092620986688743,0.62,-0.0477180183512933,0.0718023915279664,1,0.0063037974683544,1,SOX10__seq.23678.132__ANML,P56693,SOX10,SOX10,SOX10__seq.23678.132,SOX10
seq.23680.1,-0.226020084210292,-0.125642534231175,-0.1139886011556,0.0060856337372598,0.574,-0.125642534231176,0.0,-0.119556900493916,0.0,-0.0509015683086356,0.574,-0.151452458291065,0.0692063586252271,1,0.0,1,MCPIP__seq.23680.1__ANML,Q5D1E8,ZC3H12A,ZC3H12A,ZC3H12A__seq.23680.1,ZC3H12A
seq.24263.6,-0.222162543055632,0.105265880655404,0.0148983947691996,-0.0007695451843594,0.912,0.105265880655404,0.002,0.104496335471044,0.002,-0.0073643269966409,0.91,-0.0429637200051472,0.0386913253401578,1,0.0024411764705882,1,OCLN__seq.24263.6__ANML,Q16625,OCLN,OCLN,OCLN__seq.24263.6,OCLN
seq.24488.8,-0.240150655884757,0.151140021973755,-0.0285655998306174,0.001062357018494,0.62,0.151140021973754,0.0,0.152202378992248,0.0,0.0069798975911418,0.62,-0.0200249971285719,0.0436029546116968,1,0.0,1,HID1__seq.24488.8__ANML,Q8IV36,HID1,HID1,HID1__seq.24488.8,HID1
seq.24915.123,-0.226020084210292,-0.11171068590403,-0.0394002078058185,0.0008090391746574,0.65,-0.111710685904031,0.0,-0.110901646729373,0.0,-0.0072951051541347,0.65,-0.0805472222163173,0.0405188508292597,1,0.0,1,CAN13__seq.24915.123__ANML,Q6MZZ7,CAPN13,CAPN13,CAPN13__seq.24915.123,CAPN13
seq.25033.194,-0.226020084210292,-0.298685942960227,0.156420072441786,-0.0089933511876179,0.608,-0.298685942960226,0.0,-0.307679294147844,0.0,0.029229627598198,0.608,-0.0560938473355629,0.109074945523113,1,0.0,1,TER_ATPase__seq.25033.194__ANML,P55072,VCP,VCP,VCP__seq.25033.194,VCP
seq.2743.5,-0.183696916079607,0.17147520486826,0.0612651798849888,-0.0013866604500717,0.742,0.171475204868262,0.0,0.17008854441819,0.0,-0.0081525799095699,0.742,-0.0773163825976934,0.0402106782362734,1,0.0,1,Sonic_Hedgehog__seq.2743.5__ANML,Q15465,SHH,SHH,SHH__seq.2743.5,SHH
seq.2797.56,-0.227399241221021,-0.153389040155094,0.0585513528494681,-0.0024095206933936,0.678,-0.153389040155094,0.0,-0.155798560848488,0.0,0.0154656158585246,0.678,-0.0570267121700101,0.0792266826986157,1,0.0,1,Apo_B__seq.2797.56__ANML,P04114,APOB,APOB,APOB__seq.2797.56,APOB
seq.2891.1,-0.226020084210292,-0.1124185554659,-0.0959379267411135,0.0041369537198426,0.6,-0.1124185554659,0.002,-0.108281601746057,0.002,-0.0382055090904978,0.598,-0.155999296791574,0.0717559460944138,1,0.0024411764705882,1,CD22__seq.2891.1__ANML,P20273,CD22,CD22,CD22__seq.2891.1,CD22
seq.2943.5,-0.201077623541246,-0.133358574107453,-0.0104729842070594,0.0003447896035245,0.938,-0.133358574107453,0.0,-0.133013784503929,0.0,-0.0025921343777297,0.938,-0.0490117938207267,0.0290860393510575,1,0.0,1,Cytochrome_P450_3A4__seq.2943.5__ANML,P08684,CYP3A4,CYP3A4,CYP3A4__seq.2943.5,CYP3A4_1
seq.3835.11,-0.27857882267699,0.057999799807322,-0.0117670732211217,0.0001948997634968,0.668,0.0579997998073213,0.004,0.0581946995708182,0.002,0.0033490981985339,0.67,-0.032337742522605,0.0828915361211654,1,0.0044266666666666,1,TLR2__seq.3835.11__ANML,O60603,TLR2,TLR2,TLR2__seq.3835.11,TLR2
seq.4909.68,-0.221630945783833,0.103058700654455,0.0103124995036361,-0.0007702281786947,0.796,0.103058700654455,0.004,0.10228847247576,0.006,-0.0075299607086937,0.794,-0.0646426194889018,0.0398257051204702,1,0.0044266666666666,1,Galectin.8__seq.4909.68__ANML,O00214,LGALS8,LGALS8,LGALS8__seq.4909.68,LGALS8
seq.5714.88,-0.230865138021878,0.0724896650687582,-0.0116956845156518,0.0003154437732437,0.754,0.0724896650687583,0.004,0.0728051088420021,0.004,0.0043327148089057,0.758,-0.0267196350187938,0.047903539906593,1,0.0044266666666666,1,IFNA6__seq.5714.88__ANML,P05013,IFNA6,IFNA6,IFNA6__seq.5714.88,IFNA6
seq.5744.12,-0.226020084210292,0.210869575051164,0.0578801667290938,-0.0007131026701736,0.704,0.210869575051163,0.0,0.210156472380989,0.0,-0.0033931987061568,0.704,-0.0652648771800358,0.0282641879117042,1,0.0,1,CA056__seq.5744.12__ANML,Q9BUN1,MENT,MENT,MENT__seq.5744.12,MENT
seq.5918.5,-0.226020084210292,0.117682632517183,-0.0160028154884001,0.0002300199351515,0.882,0.117682632517184,0.0,0.117912652452335,0.0,0.0019507655062251,0.882,-0.0404737928960089,0.0444025077156815,1,0.0,1,PSME1__seq.5918.5__ANML,Q06323,PSME1,PSME1,PSME1__seq.5918.5,PSME1
seq.5963.9,-0.222455759837201,0.107208499464011,-0.0021074782272682,9.55969505152444e-05,0.924,0.107208499464011,0.0,0.107304096414526,0.0,0.000890897493288,0.924,-0.0231142300103629,0.0271289845267331,1,0.0,1,Dermokine__seq.5963.9__ANML,Q6E0U4,DMKN,DMKN,DMKN__seq.5963.9,DMKN_1
seq.6378.2,-0.226020084210292,-0.263096035942001,0.0187471887893697,-0.0004619430502514,0.852,-0.263096035942002,0.0,-0.263557978992254,0.0,0.0017527188970627,0.852,-0.018766840232711,0.0288351740541901,1,0.0,1,CEI__seq.6378.2__ANML,Q86SI9,C5orf38,C5orf38,C5orf38__seq.6378.2,C5orf38
seq.7038.45,-0.189743528704394,0.291402831755501,-0.0544084033774181,0.0010138211809457,0.79,0.291402831755501,0.012,0.292416652936447,0.012,0.0034670432438266,0.79,-0.0286527025753085,0.0483730081088861,1,0.012,1,SIA8D__seq.7038.45__ANML,Q92187,ST8SIA4,ST8SIA4,ST8SIA4__seq.7038.45,ST8SIA4
seq.7130.4,-0.216756446420873,0.0713380247259178,-0.0132997667863026,-8.24365709894749e-05,0.77,0.0713380247259181,0.0,0.0712555881549286,0.0,-0.0011569137680856,0.77,-0.0308058669364187,0.0452664105678296,1,0.0,1,LAIR2__seq.7130.4__ANML,Q6ISS4,LAIR2,LAIR2,LAIR2__seq.7130.4,LAIR2
seq.7223.60,-0.226020084210292,-0.649591029076565,0.0258977690857662,-0.0002658908530366,0.92,-0.649591029076564,0.0,-0.649856919929601,0.0,0.0004091529148684,0.92,-0.0107584925668368,0.0135384596539342,1,0.0,1,S100A13__seq.7223.60__ANML,Q99584,S100A13,S100A13,S100A13__seq.7223.60,S100A13
seq.7713.102,-0.226020084210292,-0.115483136344614,-0.0726564296012836,0.0038789880279944,0.534,-0.115483136344615,0.0,-0.11160414831662,0.0,-0.0347566652898045,0.534,-0.132178746162135,0.0512226930215668,1,0.0,1,FMR1__seq.7713.102__ANML,Q06787,FMR1,FMR1,FMR1__seq.7713.102,FMR1_1
seq.7721.81,-0.227950072441019,-0.147957913270515,-0.0785543401293257,0.0006465377788421,0.602,-0.147957913270513,0.0,-0.147311375491671,0.0,-0.0043889195704288,0.602,-0.109875766724924,0.0503625003339026,1,0.0,1,FMR1__seq.7721.81__ANML,Q06787,FMR1,FMR1,FMR1__seq.7721.81,FMR1_3
seq.7950.142,-0.227893338407662,0.0793496354284457,0.0430644089198718,-0.0022429379645766,0.654,0.0793496354284464,0.008,0.0771066974638698,0.008,-0.0290887567273598,0.654,-0.135371683250988,0.0656103969787776,1,0.0083,1,BTNL9__seq.7950.142__ANML,Q6UXG8,BTNL9,BTNL9,BTNL9__seq.7950.142,BTNL9
seq.7965.25,-0.226020084210292,-0.363809931815621,0.0119530755749309,-0.0001963544242288,0.974,-0.363809931815622,0.0,-0.364006286239851,0.0,0.0005394259155718,0.974,-0.0166622880551153,0.0176617748645151,1,0.0,1,HBAT__seq.7965.25__ANML,P09105,HBQ1,HBQ1,HBQ1__seq.7965.25,HBQ1_2
seq.8980.19,-0.236269768503923,0.11021679326556,-0.0180625283023738,-0.0002617757724981,0.826,0.110216793265561,0.002,0.109955017493063,0.002,-0.0023807533159155,0.824,-0.0413055040119433,0.0520804004371595,1,0.0024411764705882,1,MO2R2__seq.8980.19__ANML,Q6Q8B3,CD200R1L,CD200R1L,CD200R1L__seq.8980.19,CD200R1L
seq.9087.8,-0.221144602032295,0.192440416951089,0.0757124108784229,-0.0037621073728408,0.692,0.19244041695109,0.006,0.188678309578249,0.006,-0.0199392679595777,0.694,-0.097410226432367,0.0457463013284499,1,0.0063037974683544,1,NHLC3__seq.9087.8__ANML,Q5JS37,NHLRC3,NHLRC3,NHLRC3__seq.9087.8,NHLRC3
seq.9207.60,-0.227821242694655,-0.276204587391899,0.0238885846554054,-0.0003932277309531,0.904,-0.276204587391899,0.0,-0.276597815122852,0.0,0.0014216588470827,0.904,-0.024459261351984,0.0429165585139504,1,0.0,1,QORL1__seq.9207.60__ANML,O95825,CRYZL1,CRYZL1,CRYZL1__seq.9207.60,CRYZL1
seq.9600.55,-0.219303766255078,0.118513430001581,0.0340360566464534,-0.0011298276065212,0.724,0.118513430001581,0.0,0.11738360239506,0.0,-0.0096250888835289,0.724,-0.0677736289584937,0.042706753146239,1,0.0,1,THS7A_TSP_type.1_domain_17__seq.9600.55__ANML,Q9UPZ6,THSD7A,THSD7A,THSD7A__seq.9600.55,THSD7A_2
