"Protein_id","coef_x2m","coef_x2y","coef_m2y","acme","acme_p","ade","ade_p","total","total_p","prop_m","prop_m_p","prop_m_ci_lower","prop_m_ci_upper","p_adjusted","ade_p_adjusted","prop_m_p_adjusted","symbol","UniProt","label"
"ACHE_P22303_MS",1.89239147900127,0.0635183606468713,0.147189339471542,0.0681157909023233,0.002,0.0635183606468713,0.11,0.131634151549195,0,0.517462908376531,0.002,0.227476447928083,1.27182916383965,0.00755555555555556,0.116875,0.00816,"ACHE","P22303","ACHE"
"ALDOA_P04075_MS",1.89239147900127,0.108181876105308,0.0340128661223372,0.0136188337190042,0.036,0.108181876105308,0,0.121800709824313,0,0.111812433101977,0.036,0.00518450294442968,0.262752722584456,0.0834545454545454,0,0.0834545454545454,"ALDOA","P04075","ALDOA"
"ALDOC_P09972_MS",1.89239147900127,0.0537742604683398,-0.0112708699089976,-0.00523857333798481,0.486,0.0537742604683398,0,0.048535687130355,0,-0.10793240289182,0.486,-0.458224046721046,0.248117509980323,0.638153846153846,0,0.638153846153846,"ALDOC","P09972","ALDOC"
"ANGPTL4_Q9BY76_MS",1.89239147900127,0.0790154725535713,0.0424136796604762,0.016641182160549,0.11,0.0790154725535713,0.008,0.0956566547141203,0,0.17396784583658,0.11,-0.0467471559026971,0.591342929497916,0.211698113207547,0.01088,0.211698113207547,"ANGPTL4","Q9BY76","ANGPTL4"
"AP2B1_P63010_MS",1.89239147900127,0.0467807607191422,-0.0020382748787881,-0.000775118615877167,0.906,0.0467807607191423,0.004,0.0460056421032651,0,-0.0168483381698558,0.906,-0.39606179784355,0.329495385092797,0.92412,0.00566666666666667,0.92412,"AP2B1","P63010","AP2B1"
"AQP4_P55087_MS",1.89239147900127,0.0685454659016646,0.0333059143239892,0.0125316015665714,0.09,0.0685454659016645,0,0.0810770674682359,0,0.154564070431888,0.09,-0.0242255089240644,0.426346304985569,0.176538461538462,0,0.176538461538462,"AQP4","P55087","AQP4"
"BASP1_P80723_MS",1.88468689297475,0.0705654278712233,0.0131766864399456,0.00584449801771783,0.458,0.0705654278712232,0.002,0.076409925888941,0,0.076488727736925,0.458,-0.162216473593789,0.346693015323881,0.62288,0.00309090909090909,0.62288,"BASP1","P80723","BASP1"
"CALB2_P22676_MS",1.89239147900127,0.0229990965301939,0.0758431340583852,0.0329620059489159,0.002,0.0229990965301939,0.268,0.0559611024791098,0.002,0.589016379032571,0.004,0.240770722545173,1.68091185264063,0.00755555555555556,0.276121212121212,0.0151111111111111,"CALB2","P22676","CALB2"
"CALM1_P0DP23_MS",1.89239147900127,0.0634523268694735,0.0421163357103662,0.0189820104610101,0.006,0.0634523268694735,0,0.0824343373304836,0,0.230268248350323,0.006,0.0632954042192989,0.449424033311625,0.0204,0,0.0211034482758621,"CALM1","P0DP23","CALM1"
"CAMK2A_Q9UQM7_MS",1.88468689297475,0.0691369244008808,0.0373533854866704,0.0164927246402839,0.14,0.0691369244008808,0.008,0.0856296490411648,0,0.19260530464577,0.14,-0.0666299267517733,0.609992064487242,0.250526315789474,0.01088,0.250526315789474,"CAMK2A","Q9UQM7","CAMK2A"
"CBR1_P16152_MS",1.89239147900127,0.0402879513499074,0.0394565986634684,0.0192122673572623,0.014,0.0402879513499074,0.018,0.0595002187071697,0,0.322894062823793,0.014,0.0599755166779771,0.770996436513322,0.0385945945945946,0.0218571428571429,0.0385945945945946,"CBR1","P16152","CBR1"
"CDH3_P22223_MS",1.89580865821964,0.15964532524519,-0.0206211890870852,-0.0095815626061204,0.646,0.15964532524519,0,0.15006376263907,0,-0.0638499424352419,0.646,-0.407858722283287,0.280772989389637,0.768558139534884,0,0.768558139534884,"CDH3","P22223","CDH3"
"CHIT1_Q13231_MS",1.89239147900127,0.122075674758328,0.222123983426718,0.0943021338089287,0,0.122075674758328,0.08,0.216377808567257,0,0.435821651182019,0,0.160512470543123,1.06181162497933,0,0.0868085106382979,0,"CHIT1","Q13231","CHIT1"
"CRP_P02741_MS",1.89239147900127,-0.357323526563736,-0.0349528700731367,-0.016105044762069,0.724,-0.357323526563736,0,-0.373428571325805,0,0.0431275108513801,0.724,-0.175833369439915,0.261344173469551,0.820533333333333,0,0.820533333333333,"CRP","P02741","CRP"
"CRYM_Q14894_MS",1.89239147900127,0.100836945730459,-6.06529670715866e-05,-2.56280142555989e-05,0.988,0.100836945730459,0,0.100811317716203,0,-0.000254217629887003,0.988,-0.263388022298181,0.235248759727238,0.997782178217822,0,0.996,"CRYM","Q14894","CRYM"
"CSTB_P04080_MS",1.89239147900127,0.0476744937940248,0.0153828714433526,0.00696407660916365,0.454,0.0476744937940248,0.014,0.0546385704031884,0,0.127457152662934,0.454,-0.185849700486344,0.583936811956901,0.62288,0.0174146341463415,0.62288,"CSTB","P04080","CSTB"
"DDAH1_O94760_MS",1.89239147900127,0.0417897600716955,0.0252805066281828,0.00930851652506531,0.054,0.0417897600716955,0.002,0.0510982765967608,0,0.18216889384593,0.054,-0.00248998226323783,0.544784760420704,0.11475,0.00309090909090909,0.117191489361702,"DDAH1","O94760","DDAH1"
"DTD1_Q8TEA8_MS",1.89239147900127,0.045587852530241,0.0157980416495105,0.00737453855671313,0.382,0.045587852530241,0.01,0.0529623910869542,0,0.13924104265998,0.382,-0.196513015987198,0.604544862962991,0.573,0.0132467532467532,0.573,"DTD1","Q8TEA8","DTD1"
"DYNLL2_Q96FJ2_MS",1.89239147900127,0.0413037377578217,0.00764347129014042,0.00344494480682385,0.636,0.0413037377578217,0.01,0.0447486825646456,0,0.076984273265412,0.636,-0.232944086200011,0.46890070469325,0.768558139534884,0.0132467532467532,0.768558139534884,"DYNLL2","Q96FJ2","DYNLL2"
"ENO1_P06733_MS",1.89239147900127,0.0630498252490483,0.0890837232582126,0.0399711675786346,0,0.0630498252490483,0,0.103020992827683,0,0.387990510298149,0,0.230880147662077,0.586190818777625,0,0,0,"ENO1","P06733","ENO1"
"ENO2_P09104_MS",1.89239147900127,0.055475042103049,0.0420365306412658,0.0196226863355607,0.004,0.055475042103049,0,0.0750977284386097,0,0.261295338002157,0.004,0.0789322923896129,0.498279588062984,0.0145714285714286,0,0.0151111111111111,"ENO2","P09104","ENO2"
"ENOPH1_Q9UHY7_MS",1.89239147900127,0.0536806854519953,0.0864854550788114,0.0361951200329834,0,0.0536806854519953,0.014,0.0898758054849787,0,0.402723734576519,0,0.196888587741406,0.804441393039156,0,0.0174146341463415,0,"ENOPH1","Q9UHY7","ENOPH1"
"FABP3_P05413_MS",1.89239147900127,0.100695444219009,0.117852598868303,0.0471884651404272,0,0.100695444219009,0,0.147883909359436,0,0.319091274668256,0,0.196384102364423,0.509838395877099,0,0,0,"FABP3","P05413","FABP3"
"FDPS_P14324_MS",1.89239147900127,0.0372576564604901,0.0554588113649106,0.0232101262855159,0.01,0.0372576564604901,0.084,0.060467782746006,0.004,0.383842853689703,0.014,0.0882300467751541,1.14415021485053,0.03,0.0901894736842105,0.0385945945945946,"FDPS","P14324","FDPS"
"FKBP1A_P62942_MS",1.89239147900127,0.101744741196948,0.0414398601333777,0.0140912200453538,0.032,0.101744741196948,0,0.115835961242302,0,0.121648060707834,0.032,0.0146080789832106,0.334768584984796,0.0777142857142857,0,0.0777142857142857,"FKBP1A","P62942","FKBP1A"
"GABARAPL2_P60520_MS",1.89239147900127,0.0416172749215421,0.0219732779630483,0.00963817826145781,0.162,0.0416172749215421,0.018,0.0512554531829999,0,0.188042006516773,0.162,-0.0834678029671642,0.723637232602015,0.284896551724138,0.0218571428571429,0.284896551724138,"GABARAPL2","P60520","GABARAPL2"
"GAP43_P17677_MS",1.89239147900127,0.0826870539054659,0.041462294107121,0.0165181775316096,0.026,0.0826870539054658,0,0.0992052314370754,0,0.166505105550677,0.026,0.0279746657774318,0.396282369844748,0.0646829268292683,0,0.0646829268292683,"GAP43","P17677","GAP43"
"GDA_Q9Y2T3_MS",1.89239147900127,0.0946557839096356,0.0544303223183798,0.0248605295096021,0.014,0.0946557839096356,0,0.119516313419238,0,0.208009507642665,0.014,0.046791524319652,0.390584428315445,0.0385945945945946,0,0.0385945945945946,"GDA","Q9Y2T3","GDA"
"GDI1_P31150_MS",1.89239147900127,0.0538219865250188,0.056712769076933,0.0252183540563425,0,0.0538219865250188,0,0.0790403405813613,0,0.31905674837501,0,0.170524088763206,0.517645859481469,0,0,0,"GDI1","P31150","GDI1"
"GGCT_O75223_MS",1.89239147900127,0.0722365899070999,0.00958880849966053,0.00395514233889418,0.616,0.0722365899071,0,0.0761917322459941,0,0.0519103874174239,0.616,-0.154978310025173,0.319966126350107,0.757012048192771,0,0.757012048192771,"GGCT","O75223","GGCT"
"GLO1_Q04760_MS",1.89239147900127,0.0527277528665546,0.080847345256634,0.0352995451120515,0,0.0527277528665546,0.022,0.088027297978606,0,0.401006800420372,0,0.165781448335294,0.823775184115209,0,0.0257931034482759,0,"GLO1","Q04760","GLO1"
"GLOD4_Q9HC38_MS",1.89239147900127,0.0802257148085361,0.0392170669320213,0.0170440371374579,0.026,0.0802257148085361,0,0.097269751945994,0,0.175224433048016,0.026,0.0213829256710616,0.356793910746823,0.0646829268292683,0,0.0646829268292683,"GLOD4","Q9HC38","GLOD4"
"GMFB_P60983_MS",1.89239147900127,0.0677933486817821,0.00400277701985745,0.00177990688408148,0.826,0.0677933486817821,0,0.0695732555658636,0,0.0255832053510343,0.826,-0.17823657064176,0.228999093130092,0.896297872340425,0,0.896297872340425,"GMFB","P60983","GMFB"
"GOT1_P17174_MS",1.89239147900127,0.0764100063474492,-0.0123795750258278,-0.00590333859380523,0.45,0.0764100063474492,0,0.070506667753644,0,-0.0837273804292095,0.45,-0.324657696054788,0.123097625421452,0.62288,0,0.62288,"GOT1","P17174","GOT1"
"GPI_P06744_MS",1.89239147900127,0.045334286488512,0.0770421604680105,0.0308478670686803,0,0.045334286488512,0.022,0.0761821535571923,0,0.404922486806858,0,0.196258715138178,0.838419866645823,0,0.0257931034482759,0,"GPI","P06744","GPI"
"GSR_P00390_MS",1.89239147900127,0.0901286298783621,-0.0144266025834689,-0.0059215833541804,0.488,0.0901286298783621,0,0.0842070465241817,0,-0.0703217082014616,0.488,-0.330363829778019,0.155654301120949,0.638153846153846,0,0.638153846153846,"GSR","P00390","GSR"
"HDHD2_Q9H0R4_MS",1.92854218254495,0.0746904575691568,0.0127574010579752,0.00628776182490835,0.588,0.0746904575691568,0.004,0.0809782193940651,0,0.0776475683456332,0.588,-0.205080012530579,0.439634122526062,0.731414634146341,0.00566666666666667,0.73390243902439,"HDHD2","Q9H0R4","HDHD2"
"HPCAL1_P37235_MS",1.89239147900127,0.119413523798501,-0.0228640863246189,-0.010995003282865,0.416,0.119413523798501,0,0.108418520515636,0,-0.101412592890708,0.416,-0.374121176491475,0.157641053462138,0.61495652173913,0,0.61495652173913,"HPCAL1","P37235","HPCAL1"
"HPRT1_P00492_MS",1.89239147900127,0.110397013580306,0.0293748620185297,0.0126483309295078,0.13,0.110397013580306,0,0.123045344509814,0,0.102794063277209,0.13,-0.0267084028543229,0.263784428716843,0.236785714285714,0,0.236785714285714,"HPRT1","P00492","HPRT1"
"HSP90AA1_P07900_MS",1.88468689297475,0.0328730550350146,0.0299409761217343,0.0140046501214564,0.042,0.0328730550350146,0.022,0.0468777051564709,0,0.298748628472978,0.042,0.0166673618279444,0.875802557829354,0.0952,0.0257931034482759,0.0952,"HSP90AA1","P07900","HSP90AA1"
"HSPA2_P54652_MS",1.89239147900127,0.0728743838646364,0.0176803943740638,0.00793305421612924,0.272,0.0728743838646364,0,0.0808074380807656,0,0.098172326762795,0.272,-0.0857794016637491,0.276879028821823,0.426830769230769,0,0.426830769230769,"HSPA2","P54652","HSPA2"
"HSPA8_P11142_MS",1.89239147900127,0.0627137885411638,0.00526958130284656,0.00230080310405977,0.762,0.0627137885411638,0.002,0.0650145916452235,0,0.0353890264606284,0.762,-0.207190583040572,0.319800107794322,0.844826086956522,0.00309090909090909,0.844826086956522,"HSPA8","P11142","HSPA8"
"IGHV3.13_P01766_MS",1.91847267873881,-0.147501948338343,0.0733414005565362,0.0304351965872265,0.066,-0.147501948338343,0,-0.117066751751117,0,-0.259981558657505,0.066,-0.87218553882529,0.0150299496595785,0.132,0,0.132,"IGHV3-13","P01766","IGHV3-13"
"IGLV2.8_P01709_MS",1.89239147900127,-0.139449416337442,0.0570513398349636,0.0262872370668142,0.172,-0.139449416337442,0.002,-0.113162179270628,0.002,-0.232297020402445,0.174,-0.758056180781807,0.142145994586157,0.2924,0.00309090909090909,0.2958,"IGLV2-8","P01709","IGLV2-8"
"IGLV5.45_A0A087WSX0_MS",1.89239147900127,-0.263465980437581,0.0925516063220208,0.0357543428849658,0.13,-0.263465980437581,0,-0.227711637552615,0,-0.157015878807267,0.13,-0.541773704841223,0.0589561670968216,0.236785714285714,0,0.236785714285714,"IGLV5-45","A0A087WSX0","IGLV5-45"
"IGLV7.46_A0A075B6I9_MS",1.8873027243389,-0.178399680665786,0.0451838622585787,0.0183103957943031,0.468,-0.178399680665786,0.004,-0.160089284871483,0.002,-0.114376148341235,0.466,-0.548568763135863,0.317965011903139,0.628105263157895,0.00566666666666667,0.625421052631579,"IGLV7-46","A0A075B6I9","IGLV7-46"
"IMPA1_P29218_MS",1.89239147900127,0.071142010080932,-0.00139759496354322,-0.000629901955399759,0.894,0.071142010080932,0,0.0705121081255322,0,-0.00893324525595447,0.894,-0.206400569177301,0.181418763029859,0.92412,0,0.92412,"IMPA1","P29218","IMPA1"
"LDHA_P00338_MS",1.89239147900127,0.0891361524472963,-0.00424430664366437,-0.00174212988995479,0.782,0.0891361524472963,0,0.0873940225573415,0,-0.0199341996051473,0.782,-0.190215522274966,0.144594172703152,0.857677419354839,0,0.857677419354839,"LDHA","P00338","LDHA"
"LDHB_P07195_MS",1.89239147900127,0.0767875908160119,-0.0218218614174811,-0.00974739081424708,0.122,0.0767875908160118,0,0.0670402000017648,0,-0.145396207260576,0.122,-0.353066434921271,0.038162635078643,0.230444444444444,0,0.230444444444444,"LDHB","P07195","LDHB"
"LDLR_P01130_MS",1.89239147900127,-0.0713193187493271,0.018089993418519,0.00818963484741806,0.434,-0.0713193187493271,0.002,-0.0631296839019091,0.002,-0.12972716385121,0.436,-0.630746530507246,0.248199135445105,0.62288,0.00309090909090909,0.62288,"LDLR","P01130","LDLR"
"MAPT_P10636_MS",1.88468689297475,0.111181073723523,0.124846575730112,0.0518516020169415,0.01,0.111181073723523,0.014,0.163032675740464,0,0.318044231203599,0.01,0.0739145982978137,0.815787282506642,0.03,0.0174146341463415,0.031875,"MAPT","P10636","MAPT"
"MDH1_P40925_MS",1.89239147900127,0.0900398976701467,0.0417447505939276,0.0189825224028725,0.006,0.0900398976701467,0,0.109022420073019,0,0.174115768024217,0.006,0.0495853849447293,0.330332981453307,0.0204,0,0.0211034482758621,"MDH1","P40925","MDH1"
"MIF_P14174_MS",1.89239147900127,0.0738056272019371,0.05710550409615,0.0252780903443722,0.002,0.0738056272019371,0,0.0990837175463093,0,0.25511850958315,0.002,0.10483589985321,0.485770918327583,0.00755555555555556,0,0.00816,"MIF","P14174","MIF"
"NAXE_Q8NCW5_MS",1.89239147900127,0.0586717922879093,-0.0160890399438622,-0.00640971812652859,0.32,0.0586717922879093,0,0.0522620741613808,0,-0.122645689620659,0.32,-0.67764842324566,0.141950776613871,0.494545454545455,0,0.494545454545455,"NAXE","Q8NCW5","NAXE"
"NEDD8_Q15843_MS",1.89239147900127,0.0520714515581486,0.0237881088586293,0.0105299475832967,0.216,0.0520714515581486,0.004,0.0626013991414453,0,0.168206265797745,0.216,-0.123397151026402,0.604369213686167,0.34425,0.00566666666666667,0.34425,"NEDD8","Q15843","NEDD8"
"NEFL_P07196_MS",1.87675407097523,0.0238080652632585,0.25074384481909,0.0997909847057793,0,0.0238080652632585,0.544,0.123599049969038,0,0.807376632189143,0,0.473383559532309,1.91124104700458,0,0.55488,0,"NEFL","P07196","NEFL"
"NIF3L1_Q9GZT8_MS",1.89239147900127,0.0807378566748278,-0.00759486918183299,-0.00323966250814607,0.76,0.0807378566748278,0,0.0774981941666817,0,-0.0418030709357983,0.76,-0.36446222080365,0.258220760283243,0.844826086956522,0,0.844826086956522,"NIF3L1","Q9GZT8","NIF3L1"
"NME1_P15531_MS",1.88712197965915,0.0761249259398713,0.0623071658550935,0.0287668164935815,0.02,0.0761249259398713,0.012,0.104891742433453,0,0.274252441862449,0.02,0.0384884084449778,0.677372074026245,0.0523076923076923,0.0156923076923077,0.0523076923076923,"NME1","P15531","NME1"
"NME2_P22392_MS",1.88712197965915,0.0641784042698305,0.0812065355341911,0.0338906307572128,0.036,0.0641784042698305,0.058,0.0980690350270433,0,0.345579323258022,0.036,0.0358997242825507,1.03926761255812,0.0834545454545454,0.065010989010989,0.0834545454545454,"NME2","P22392","NME2"
"NPEPPS_P55786_MS",1.89239147900127,0.0505696165084458,0.00859337684556556,0.00361371380427204,0.448,0.0505696165084459,0,0.0541833303127179,0,0.066694198813834,0.448,-0.109881875931441,0.253653296694602,0.62288,0,0.62288,"NPEPPS","P55786","NPEPPS"
"NSF_P46459_MS",1.88468689297475,0.0635977505379615,-0.0226590949560009,-0.011009761863702,0.168,0.0635977505379616,0,0.0525879886742595,0,-0.209358869606113,0.168,-0.683173734707925,0.0824331007287255,0.290440677966102,0,0.290440677966102,"NSF","P46459","NSF"
"PARK7_Q99497_MS",1.89239147900127,0.061466887282705,0.0044170971615314,0.00193747923785482,0.718,0.061466887282705,0,0.0634043665205598,0,0.0305575048561768,0.718,-0.160197686028498,0.241145864545212,0.820533333333333,0,0.820533333333333,"PARK7","Q99497","PARK7"
"PCSK2_P16519_MS",1.89239147900127,0.00399632076138113,-0.137085621112297,-0.0628883734680154,0,0.00399632076138112,0.8,-0.0588920527066343,0.008,1.06785840495811,0.008,0.579699895324948,3.02378639461422,0,0.807920792079208,0.0263225806451613,"PCSK2","P16519","PCSK2"
"PDXP_Q96GD0_MS",1.89239147900127,0.0527551267206337,0.0933394136364194,0.0375611322480561,0.002,0.0527551267206337,0.066,0.0903162589686898,0,0.415884500498161,0.002,0.160430192304775,1.07107948781588,0.00755555555555556,0.0731739130434783,0.00816,"PDXP","Q96GD0","PDXP"
"PEA15_Q15121_MS",1.89239147900127,0.0847190848240348,0.125713878892941,0.0513479223647223,0,0.0847190848240348,0,0.136067007188757,0,0.377372321370239,0,0.254346954518401,0.591339987466251,0,0,0,"PEA15","Q15121","PEA15"
"PEBP1_P30086_MS",1.89239147900127,0.0577038788050818,0.0137571141123575,0.00559142263721574,0.328,0.0577038788050818,0,0.0632953014422976,0,0.0883386682708683,0.328,-0.108910716279059,0.325442001916808,0.49934328358209,0,0.49934328358209,"PEBP1","P30086","PEBP1"
"PGAM1_P18669_MS",1.88468689297475,0.061152771464038,0.0867455841427856,0.0362022901563642,0,0.061152771464038,0,0.0973550616204022,0,0.371858325122538,0,0.237955835603264,0.557213523719014,0,0,0,"PGAM1","P18669","PGAM1"
"PGAM2_P15259_MS",1.89239147900127,0.0971839369301761,0.0703735303342507,0.032992017239196,0,0.0971839369301761,0,0.130175954169372,0,0.253441716250223,0,0.100405598970109,0.432200706367546,0,0,0,"PGAM2","P15259","PGAM2"
"PGK1_P00558_MS",1.89239147900127,0.0587262988201901,0.0644372841087314,0.0233374469609087,0,0.0587262988201902,0,0.0820637457810989,0,0.284381936734405,0,0.156889241786588,0.503007042326766,0,0,0,"PGK1","P00558","PGK1"
"PKM_P14618_MS",1.89239147900127,0.090817088921976,0.0321389020835585,0.0133211545859418,0.064,0.090817088921976,0,0.104138243507918,0,0.127917988024533,0.064,-0.00714825823479217,0.313589390435362,0.13056,0,0.13056,"PKM","P14618","PKM"
"PLD3_Q8IV08_MS",1.89239147900127,0.0396903513526366,0.0330317575087942,0.014156467503769,0.062,0.0396903513526365,0.03,0.0538468188564055,0.002,0.262902578173101,0.064,-0.0169907098031086,0.863332125058932,0.129061224489796,0.0347727272727273,0.13056,"PLD3","Q8IV08","PLD3"
"PPIA_P62937_MS",1.88468689297475,0.0562850133082418,0.075180743717062,0.0331947235363641,0,0.0562850133082418,0.002,0.0894797368446059,0,0.37097475592727,0,0.183513615888411,0.618228853190536,0,0.00309090909090909,0,"PPIA","P62937","PPIA"
"PRDX1_Q06830_MS",1.89239147900127,0.0630509107560891,0.00347508657227308,0.00135647242458949,0.84,0.0630509107560891,0,0.0644073831806786,0,0.021060821874788,0.84,-0.303179354976091,0.297497381337908,0.901894736842105,0,0.901894736842105,"PRDX1","Q06830","PRDX1"
"PREP_P48147_MS",1.89239147900127,0.0386560254226125,0.00695000260659899,0.00276881391570744,0.588,0.0386560254226125,0.002,0.0414248393383199,0.002,0.0668394605732642,0.59,-0.259462247493991,0.453622266989026,0.731414634146341,0.00309090909090909,0.73390243902439,"PREP","P48147","PREP"
"PRKAR1B_P31321_MS",1.88613109528511,0.111310619963009,0.00392442683080622,0.00181188254890045,0.902,0.111310619963009,0,0.113122502511909,0,0.0160169949273329,0.902,-0.252255866915464,0.258537554319494,0.92412,0,0.92412,"PRKAR1B","P31321","PRKAR1B"
"PSAT1_Q9Y617_MS",1.89239147900127,0.0384114339745861,0.0185889992149575,0.00740567775565711,0.194,0.0384114339745861,0.008,0.0458171117302432,0.002,0.161635630793565,0.196,-0.0984414064797857,0.634063219791421,0.319161290322581,0.01088,0.322451612903226,"PSAT1","Q9Y617","PSAT1"
"PTPA_Q15257_MS",1.89239147900127,0.0698656349738759,0.099036088873676,0.0380601468307286,0.018,0.0698656349738759,0.074,0.107925781804605,0,0.352651110738628,0.018,0.0823244139649629,1.07082948665322,0.0483157894736842,0.0811612903225806,0.0483157894736842,"PTPA","Q15257","PTPA"
"RAD23B_P54727_MS",1.89239147900127,0.0791969805166489,-0.00148369910682042,-0.000617959185335668,0.9,0.0791969805166489,0,0.0785790213313133,0,-0.00786417513053722,0.9,-0.177841972158377,0.142555148209826,0.92412,0,0.92412,"RAD23B","P54727","RAD23B"
"SMOC1_Q9H4F8_MS",1.89239147900127,0.084073399109557,0.224243600711028,0.0992627608781212,0,0.084073399109557,0,0.183336159987678,0,0.54142489340233,0,0.405151015779144,0.71427244888233,0,0,0,"SMOC1","Q9H4F8","SMOC1"
"SNCB_Q16143_MS",1.89239147900127,0.121071303456039,-0.0238472257921565,-0.0112758512296917,0.458,0.121071303456039,0,0.109795452226348,0,-0.10269870929122,0.458,-0.380262475618715,0.166036494618409,0.62288,0,0.62288,"SNCB","Q16143","SNCB"
"SOD1_P00441_MS",1.89239147900127,0.0892452167561665,-0.0527297060480441,-0.0234472133533556,0.008,0.0892452167561665,0,0.0657980034028108,0,-0.356351441392734,0.008,-0.832028457320297,-0.0892546670259376,0.0263225806451613,0,0.0263225806451613,"SOD1","P00441","SOD1"
"SPOCK2_Q92563_MS",1.89239147900127,0.0574352491933871,0.00610410447669984,0.00266517237715064,0.676,0.0574352491933872,0,0.0601004215705378,0,0.0443453191758832,0.676,-0.253556649480198,0.306917818058841,0.783545454545455,0,0.783545454545455,"SPOCK2","Q92563","SPOCK2"
"SPON1_Q9HCB6_MS",1.89239147900127,0.0176522890948617,0.0538986429546434,0.0227740744878775,0,0.0176522890948617,0.178,0.0404263635827392,0,0.563347095052628,0,0.253239894123001,1.34315279192432,0,0.185265306122449,0,"SPON1","Q9HCB6","SPON1"
"SPP1_P10451_MS",1.89239147900127,0.0441311003990729,0.0842810519614681,0.0354421325149836,0,0.0441311003990729,0.042,0.0795732329140565,0,0.445402696573395,0,0.204237799103385,0.950965511766757,0,0.0481348314606742,0,"SPP1","P10451","SPP1"
"SST_P61278_MS",1.89239147900127,0.000594668094926909,-0.194925073003506,-0.0862847405649323,0,0.00059466809492692,0.956,-0.0856900724700054,0.002,1.00693975483724,0.002,0.568188583420172,2.38616076720225,0,0.956,0.00816,"SST","P61278","SST"
"STMN1_P16949_MS",1.89239147900127,0.069613995041592,0.0444356683566225,0.0218154991529495,0.012,0.069613995041592,0,0.0914294941945414,0,0.238604613808002,0.012,0.0427479085601109,0.50554267269655,0.0349714285714286,0,0.036,"STMN1","P16949","STMN1"
"SYT1_P21579_MS",1.89239147900127,0.0505903711148412,0.0082306025143746,0.00344459823539219,0.648,0.0505903711148412,0.002,0.0540349693502333,0,0.0637475745209674,0.648,-0.229355451597325,0.407324184476961,0.768558139534884,0.00309090909090909,0.768558139534884,"SYT1","P21579","SYT1"
"TAGLN3_Q9UI15_MS",1.89239147900127,0.0567488117264137,0.0370679385865892,0.0162591762814415,0.046,0.0567488117264137,0.002,0.0730079880078552,0,0.222704072870658,0.046,0.00365824243704644,0.543504529941287,0.102,0.00309090909090909,0.102,"TAGLN3","Q9UI15","TAGLN3"
"TALDO1_P37837_MS",1.89239147900127,0.045485295929168,0.00019782336160934,8.99558948163194e-05,0.998,0.045485295929168,0.004,0.0455752518239843,0.002,0.00197378821215815,0.996,-0.428752393548961,0.366643595010299,0.998,0.00566666666666667,0.996,"TALDO1","P37837","TALDO1"
"TBCA_O75347_MS",1.89239147900127,0.0593616304981759,0.0229448943149739,0.00932569145196123,0.18,0.0593616304981759,0,0.0686873219501371,0,0.13577020019402,0.18,-0.0651205095818364,0.410014611253115,0.300983606557377,0,0.300983606557377,"TBCA","O75347","TBCA"
"TPI1_P60174_MS",1.89239147900127,0.0461311862006814,0.00560350592460688,0.00275101699316717,0.676,0.0461311862006814,0,0.0488822031938486,0,0.0562784983781861,0.676,-0.245079297410891,0.346754647742273,0.783545454545455,0,0.783545454545455,"TPI1","P60174","TPI1"
"TXN_P10599_MS",1.89239147900127,0.0701231036859164,-0.00885345277315133,-0.00336680598415614,0.514,0.0701231036859164,0,0.0667562977017603,0,-0.0504342826080267,0.514,-0.304043330281691,0.120969941816931,0.65535,0,0.65535,"TXN","P10599","TXN"
"UBB_P0CG47_MS",1.89239147900127,0.0734944805460046,-0.0266273585003977,-0.0111974203754187,0.202,0.0734944805460046,0,0.0622970601705859,0,-0.179742356136184,0.202,-0.587359359816453,0.0839166860388437,0.327047619047619,0,0.327047619047619,"UBB","P0CG47","UBB"
"UBE2L3_P68036_MS",1.89239147900127,0.0506850134715739,0.0395950102752632,0.01752696631903,0.054,0.0506850134715739,0.014,0.0682119797906038,0.002,0.256948506301005,0.056,-0.00138265480062908,0.72321374581813,0.11475,0.0174146341463415,0.119,"UBE2L3","P68036","UBE2L3"
"UBE2V1_Q13404_MS",1.89239147900127,0.0849994637796881,0.0118705854888921,0.00499185586957434,0.514,0.0849994637796881,0,0.0899913196492625,0,0.0554704152470471,0.514,-0.119238296019457,0.237772246301805,0.65535,0,0.65535,"UBE2V1","Q13404","UBE2V1"
"UCHL1_P09936_MS",1.88468689297475,0.102192187806273,0.197928761121186,0.083800483539212,0,0.102192187806273,0,0.185992671345485,0,0.450557986682985,0,0.309717583413636,0.634924420803011,0,0,0,"UCHL1","P09936","UCHL1"
"VAPA_Q9P0L0_MS",1.89239147900127,0.0431585950091718,0.00161859938265764,0.000745793276918705,0.882,0.0431585950091718,0.004,0.0439043882860905,0,0.0169867593202519,0.882,-0.330444632148599,0.486189732822227,0.92412,0.00566666666666667,0.92412,"VAPA","Q9P0L0","VAPA"
"VASN_Q6EMK4_MS",1.89239147900127,0.0282147897595235,0.0365019807980265,0.017920489566838,0.01,0.0282147897595235,0.052,0.0461352793263614,0.002,0.388433533480273,0.012,0.0802073666871452,0.976017614324427,0.03,0.0589333333333333,0.036,"VASN","Q6EMK4","VASN"
"YWHAB_P31946_MS",1.89239147900127,0.0300261020477185,0.0988353895668971,0.0393750646564298,0,0.0300261020477185,0.154,0.0694011667041483,0,0.567354506074553,0,0.302944066250796,1.38095232898324,0,0.161938144329897,0,"YWHAB","P31946","YWHAB"
"YWHAE_P62258_MS",1.89239147900127,0.110883004177745,0.150663685218669,0.0685110520310245,0,0.110883004177745,0,0.17939405620877,0,0.381902575140476,0,0.256336137472348,0.516417969217493,0,0,0,"YWHAE","P62258","YWHAE"
"YWHAG_P61981_MS",1.88468689297475,0.116249895419959,0.154319293080267,0.0743594980769835,0,0.116249895419959,0,0.190609393496943,0,0.390114551611414,0,0.255581007047719,0.505303185818958,0,0,0,"YWHAG","P61981","YWHAG"
"YWHAZ_P63104_MS",1.89239147900127,0.122647200018077,0.164314576796171,0.0717429842349477,0,0.122647200018077,0,0.194390184253025,0,0.369066907933811,0,0.261710799031558,0.501772620302735,0,0,0,"YWHAZ","P63104","YWHAZ"
