source_layer,target_layer,source_node,target_node,class_idx,importance,normalized_importance
0,1,O00161,R-HSA-1236975,0,0.014637903476096444,0.0037466888610983777
0,1,O00161,R-HSA-1236975,1,0.11896244996765185,0.030449393720256665
0,1,O00161,R-HSA-1445148,0,0.014637903476096444,0.0037466888610983777
0,1,O00161,R-HSA-1445148,1,0.11896244996765185,0.030449393720256665
0,1,O00161,R-HSA-199992,0,0.014637903476096444,0.0037466888610983777
0,1,O00161,R-HSA-199992,1,0.11896244996765185,0.030449393720256665
0,1,O00161,R-HSA-6798695,0,0.014637903476096444,0.0037466888610983777
0,1,O00161,R-HSA-6798695,1,0.11896244996765185,0.030449393720256665
0,1,O00161,R-HSA-9012999,0,0.014637903476096444,0.0037466888610983777
0,1,O00161,R-HSA-9012999,1,0.11896244996765185,0.030449393720256665
0,1,O00744,R-HSA-3238698,0,0.07820910559222774,0.023543286717312165
0,1,O00744,R-HSA-3238698,1,0.021936388132766858,0.006603510824490216
0,1,O00744,R-HSA-373080,0,0.07820910559222774,0.023543286717312165
0,1,O00744,R-HSA-373080,1,0.021936388132766858,0.006603510824490216
0,1,O00744,R-HSA-381340,0,0.07820910559222774,0.023543286717312165
0,1,O00744,R-HSA-381340,1,0.021936388132766858,0.006603510824490216
0,1,O43175,R-HSA-977347,0,0.035119107851642184,0.017559553925821092
0,1,O43175,R-HSA-977347,1,0.04524189178930381,0.022620945894651905
0,1,O43264,R-HSA-141424,0,0.0671684593590516,0.016432799995438008
0,1,O43264,R-HSA-141424,1,0.0201076665266905,0.004919351516487338
0,1,O43264,R-HSA-195258,0,0.0671684593590516,0.016432799995438008
0,1,O43264,R-HSA-195258,1,0.0201076665266905,0.004919351516487338
0,1,O43264,R-HSA-2555396,0,0.0671684593590516,0.016432799995438008
0,1,O43264,R-HSA-2555396,1,0.0201076665266905,0.004919351516487338
0,1,O43264,R-HSA-68877,0,0.0671684593590516,0.016432799995438008
0,1,O43264,R-HSA-68877,1,0.0201076665266905,0.004919351516487338
0,1,O43264,R-HSA-8856688,0,0.0671684593590516,0.016432799995438008
0,1,O43264,R-HSA-8856688,1,0.0201076665266905,0.004919351516487338
0,1,O60942,R-HSA-162906,0,0.12056124339645836,0.036292550576880044
0,1,O60942,R-HSA-162906,1,0.01740611440162026,0.0052397625428465084
0,1,O60942,R-HSA-72086,0,0.12056124339645836,0.036292550576880044
0,1,O60942,R-HSA-72086,1,0.01740611440162026,0.0052397625428465084
0,1,O60942,R-HSA-77075,0,0.12056124339645836,0.036292550576880044
0,1,O60942,R-HSA-77075,1,0.01740611440162026,0.0052397625428465084
0,1,O75347,R-HSA-389977,0,0.009028235299900609,0.004514117649950304
0,1,O75347,R-HSA-389977,1,0.007765088559232516,0.003882544279616258
0,1,O75817,R-HSA-6784531,0,0.07254411052921429,0.036272055264607146
0,1,O75817,R-HSA-6784531,1,0.16216349723981693,0.08108174861990847
0,1,P02741,R-HSA-166663,0,0.11758588484036199,0.05064148416106147
0,1,P02741,R-HSA-166663,1,0.03511962771027846,0.015125200383081686
0,1,P04114,R-HSA-202733,0,0.1335058543330748,0.024603638113563493
0,1,P04114,R-HSA-202733,1,0.100158733369496,0.018458136102316797
0,1,P04114,R-HSA-3000471,0,0.1335058543330748,0.024603638113563493
0,1,P04114,R-HSA-3000471,1,0.100158733369496,0.018458136102316797
0,1,P04114,R-HSA-3000480,0,0.1335058543330748,0.024603638113563493
0,1,P04114,R-HSA-3000480,1,0.100158733369496,0.018458136102316797
0,1,P04114,R-HSA-3000484,0,0.1335058543330748,0.024603638113563493
0,1,P04114,R-HSA-3000484,1,0.100158733369496,0.018458136102316797
0,1,P04114,R-HSA-3000497,0,0.1335058543330748,0.024603638113563493
0,1,P04114,R-HSA-3000497,1,0.100158733369496,0.018458136102316797
0,1,P04114,R-HSA-381426,0,0.1335058543330748,0.024603638113563493
0,1,P04114,R-HSA-381426,1,0.100158733369496,0.018458136102316797
0,1,P04114,R-HSA-432142,0,0.1335058543330748,0.024603638113563493
0,1,P04114,R-HSA-432142,1,0.100158733369496,0.018458136102316797
0,1,P04114,R-HSA-5686938,0,0.1335058543330748,0.024603638113563493
0,1,P04114,R-HSA-5686938,1,0.100158733369496,0.018458136102316797
0,1,P04114,R-HSA-8856825,0,0.1335058543330748,0.024603638113563493
0,1,P04114,R-HSA-8856825,1,0.100158733369496,0.018458136102316797
0,1,P04114,R-HSA-8866423,0,0.1335058543330748,0.024603638113563493
0,1,P04114,R-HSA-8866423,1,0.100158733369496,0.018458136102316797
0,1,P04114,R-HSA-8957275,0,0.1335058543330748,0.024603638113563493
0,1,P04114,R-HSA-8957275,1,0.100158733369496,0.018458136102316797
0,1,P04114,R-HSA-8963888,0,0.1335058543330748,0.024603638113563493
0,1,P04114,R-HSA-8963888,1,0.100158733369496,0.018458136102316797
0,1,P04114,R-HSA-8963901,0,0.1335058543330748,0.024603638113563493
0,1,P04114,R-HSA-8963901,1,0.100158733369496,0.018458136102316797
0,1,P04114,R-HSA-8964026,0,0.1335058543330748,0.024603638113563493
0,1,P04114,R-HSA-8964026,1,0.100158733369496,0.018458136102316797
0,1,P04114,R-HSA-8964038,0,0.1335058543330748,0.024603638113563493
0,1,P04114,R-HSA-8964038,1,0.100158733369496,0.018458136102316797
0,1,P04114,R-HSA-8964041,0,0.1335058543330748,0.024603638113563493
0,1,P04114,R-HSA-8964041,1,0.100158733369496,0.018458136102316797
0,1,P04114,R-HSA-8964046,0,0.1335058543330748,0.024603638113563493
0,1,P04114,R-HSA-8964046,1,0.100158733369496,0.018458136102316797
0,1,P04114,R-HSA-9707616,0,0.1335058543330748,0.024603638113563493
0,1,P04114,R-HSA-9707616,1,0.100158733369496,0.018458136102316797
0,1,P04114,R-HSA-975634,0,0.1335058543330748,0.024603638113563493
0,1,P04114,R-HSA-975634,1,0.100158733369496,0.018458136102316797
0,1,P07196,R-HSA-442755,0,0.046513877973176514,0.01467349478363455
0,1,P07196,R-HSA-442755,1,0.08029326431026745,0.025329704732362474
0,1,P07196,R-HSA-5673001,0,0.046513877973176514,0.01467349478363455
0,1,P07196,R-HSA-5673001,1,0.08029326431026745,0.025329704732362474
0,1,P08684,R-HSA-211897,0,0.27135460475871626,0.07333036758535028
0,1,P08684,R-HSA-211897,1,0.18858151651273566,0.05096192098150681
0,1,P08684,R-HSA-5423646,0,0.27135460475871626,0.07333036758535028
0,1,P08684,R-HSA-5423646,1,0.18858151651273566,0.05096192098150681
0,1,P08684,R-HSA-9018677,0,0.27135460475871626,0.07333036758535028
0,1,P08684,R-HSA-9018677,1,0.18858151651273566,0.05096192098150681
0,1,P08684,R-HSA-9749641,0,0.27135460475871626,0.07333036758535028
0,1,P08684,R-HSA-9749641,1,0.18858151651273566,0.05096192098150681
0,1,P08684,R-HSA-9754706,0,0.27135460475871626,0.07333036758535028
0,1,P08684,R-HSA-9754706,1,0.18858151651273566,0.05096192098150681
0,1,P08684,R-HSA-9757110,0,0.27135460475871626,0.07333036758535028
0,1,P08684,R-HSA-9757110,1,0.18858151651273566,0.05096192098150681
0,1,P08727,R-HSA-6809371,0,0.025233815745615666,0.009761772458430597
0,1,P08727,R-HSA-6809371,1,0.008448613223838318,0.003268369742880724
0,1,P08727,R-HSA-9725554,0,0.025233815745615666,0.009761772458430597
0,1,P08727,R-HSA-9725554,1,0.008448613223838318,0.003268369742880724
0,1,P31751,R-HSA-114452,0,0.1527601952682464,0.024601230780444627
0,1,P31751,R-HSA-114452,1,0.07209484680172934,0.01161049814800033
0,1,P31751,R-HSA-1445148,0,0.1527601952682464,0.024601230780444627
0,1,P31751,R-HSA-1445148,1,0.07209484680172934,0.01161049814800033
0,1,P31751,R-HSA-165181,0,0.1527601952682464,0.024601230780444627
0,1,P31751,R-HSA-165181,1,0.07209484680172934,0.01161049814800033
0,1,P31751,R-HSA-198323,0,0.1527601952682464,0.024601230780444627
0,1,P31751,R-HSA-198323,1,0.07209484680172934,0.01161049814800033
0,1,P31751,R-HSA-198693,0,0.1527601952682464,0.024601230780444627
0,1,P31751,R-HSA-198693,1,0.07209484680172934,0.01161049814800033
0,1,P31751,R-HSA-199418,0,0.1527601952682464,0.024601230780444627
0,1,P31751,R-HSA-199418,1,0.07209484680172934,0.01161049814800033
0,1,P31751,R-HSA-211163,0,0.1527601952682464,0.024601230780444627
0,1,P31751,R-HSA-211163,1,0.07209484680172934,0.01161049814800033
0,1,P31751,R-HSA-2428924,0,0.1527601952682464,0.024601230780444627
0,1,P31751,R-HSA-2428924,1,0.07209484680172934,0.01161049814800033
0,1,P31751,R-HSA-3700989,0,0.1527601952682464,0.024601230780444627
0,1,P31751,R-HSA-3700989,1,0.07209484680172934,0.01161049814800033
0,1,P31751,R-HSA-3769402,0,0.1527601952682464,0.024601230780444627
0,1,P31751,R-HSA-3769402,1,0.07209484680172934,0.01161049814800033
0,1,P31751,R-HSA-389356,0,0.1527601952682464,0.024601230780444627
0,1,P31751,R-HSA-389356,1,0.07209484680172934,0.01161049814800033
0,1,P31751,R-HSA-389513,0,0.1527601952682464,0.024601230780444627
0,1,P31751,R-HSA-389513,1,0.07209484680172934,0.01161049814800033
0,1,P31751,R-HSA-397795,0,0.1527601952682464,0.024601230780444627
0,1,P31751,R-HSA-397795,1,0.07209484680172934,0.01161049814800033
0,1,P31751,R-HSA-4420097,0,0.1527601952682464,0.024601230780444627
0,1,P31751,R-HSA-4420097,1,0.07209484680172934,0.01161049814800033
0,1,P31751,R-HSA-5674400,0,0.1527601952682464,0.024601230780444627
0,1,P31751,R-HSA-5674400,1,0.07209484680172934,0.01161049814800033
0,1,P31751,R-HSA-6807070,0,0.1527601952682464,0.024601230780444627
0,1,P31751,R-HSA-6807070,1,0.07209484680172934,0.01161049814800033
0,1,P31751,R-HSA-69206,0,0.1527601952682464,0.024601230780444627
0,1,P31751,R-HSA-69206,1,0.07209484680172934,0.01161049814800033
0,1,P31751,R-HSA-69656,0,0.1527601952682464,0.024601230780444627
0,1,P31751,R-HSA-69656,1,0.07209484680172934,0.01161049814800033
0,1,P31751,R-HSA-74751,0,0.1527601952682464,0.024601230780444627
0,1,P31751,R-HSA-74751,1,0.07209484680172934,0.01161049814800033
0,1,P31751,R-HSA-8863795,0,0.1527601952682464,0.024601230780444627
0,1,P31751,R-HSA-8863795,1,0.07209484680172934,0.01161049814800033
0,1,P31751,R-HSA-8876198,0,0.1527601952682464,0.024601230780444627
0,1,P31751,R-HSA-8876198,1,0.07209484680172934,0.01161049814800033
0,1,P31751,R-HSA-8878166,0,0.1527601952682464,0.024601230780444627
0,1,P31751,R-HSA-8878166,1,0.07209484680172934,0.01161049814800033
0,1,P31751,R-HSA-9009391,0,0.1527601952682464,0.024601230780444627
0,1,P31751,R-HSA-9009391,1,0.07209484680172934,0.01161049814800033
0,1,P31751,R-HSA-9607240,0,0.1527601952682464,0.024601230780444627
0,1,P31751,R-HSA-9607240,1,0.07209484680172934,0.01161049814800033
0,1,P31751,R-HSA-9614085,0,0.1527601952682464,0.024601230780444627
0,1,P31751,R-HSA-9614085,1,0.07209484680172934,0.01161049814800033
0,1,P31751,R-HSA-9679506,0,0.1527601952682464,0.024601230780444627
0,1,P31751,R-HSA-9679506,1,0.07209484680172934,0.01161049814800033
0,1,P31751,R-HSA-9755511,0,0.1527601952682464,0.024601230780444627
0,1,P31751,R-HSA-9755511,1,0.07209484680172934,0.01161049814800033
0,1,P31751,R-HSA-9824585,0,0.1527601952682464,0.024601230780444627
0,1,P31751,R-HSA-9824585,1,0.07209484680172934,0.01161049814800033
0,1,P32320,R-HSA-6798695,0,0.20068847925876282,0.06689615975292094
0,1,P32320,R-HSA-6798695,1,0.0910666415360398,0.030355547178679932
0,1,P32320,R-HSA-73614,0,0.20068847925876282,0.06689615975292094
0,1,P32320,R-HSA-73614,1,0.0910666415360398,0.030355547178679932
0,1,P36404,R-HSA-389977,0,0.0863986840762174,0.024100303436601446
0,1,P36404,R-HSA-389977,1,0.17991722511046995,0.050186640745691916
0,1,P36404,R-HSA-5673001,0,0.0863986840762174,0.024100303436601446
0,1,P36404,R-HSA-5673001,1,0.17991722511046995,0.050186640745691916
0,1,P36404,R-HSA-83936,0,0.0863986840762174,0.024100303436601446
0,1,P36404,R-HSA-83936,1,0.17991722511046995,0.050186640745691916
0,1,P40306,R-HSA-9907900,0,0.07347577765904134,0.03673788882952067
0,1,P40306,R-HSA-9907900,1,0.06319573086175996,0.03159786543087998
0,1,P51452,R-HSA-166016,0,0.05256151454754077,0.012604906450202477
0,1,P51452,R-HSA-166016,1,0.013199039904380837,0.0031652943158007626
0,1,P51452,R-HSA-168138,0,0.05256151454754077,0.012604906450202477
0,1,P51452,R-HSA-168138,1,0.013199039904380837,0.0031652943158007626
0,1,P51452,R-HSA-168142,0,0.05256151454754077,0.012604906450202477
0,1,P51452,R-HSA-168142,1,0.013199039904380837,0.0031652943158007626
0,1,P51452,R-HSA-168164,0,0.05256151454754077,0.012604906450202477
0,1,P51452,R-HSA-168164,1,0.013199039904380837,0.0031652943158007626
0,1,P51452,R-HSA-168176,0,0.05256151454754077,0.012604906450202477
0,1,P51452,R-HSA-168176,1,0.013199039904380837,0.0031652943158007626
0,1,P51452,R-HSA-168181,0,0.05256151454754077,0.012604906450202477
0,1,P51452,R-HSA-168181,1,0.013199039904380837,0.0031652943158007626
0,1,P51452,R-HSA-181438,0,0.05256151454754077,0.012604906450202477
0,1,P51452,R-HSA-181438,1,0.013199039904380837,0.0031652943158007626
0,1,P51452,R-HSA-187037,0,0.05256151454754077,0.012604906450202477
0,1,P51452,R-HSA-187037,1,0.013199039904380837,0.0031652943158007626
0,1,P51452,R-HSA-448424,0,0.05256151454754077,0.012604906450202477
0,1,P51452,R-HSA-448424,1,0.013199039904380837,0.0031652943158007626
0,1,P60604,R-HSA-8866652,0,0.02511187683530107,0.007921915131706647
0,1,P60604,R-HSA-8866652,1,0.029163458238319714,0.009200046759797274
0,1,P60604,R-HSA-983168,0,0.02511187683530107,0.007921915131706647
0,1,P60604,R-HSA-983168,1,0.029163458238319714,0.009200046759797274
0,1,P62306,R-HSA-111367,0,0.056859316392756924,0.013635572911524828
0,1,P62306,R-HSA-111367,1,0.02065829495516552,0.00495411666829023
0,1,P62306,R-HSA-191859,0,0.056859316392756924,0.013635572911524828
0,1,P62306,R-HSA-191859,1,0.02065829495516552,0.00495411666829023
0,1,P62306,R-HSA-72163,0,0.056859316392756924,0.013635572911524828
0,1,P62306,R-HSA-72163,1,0.02065829495516552,0.00495411666829023
0,1,P62306,R-HSA-72165,0,0.056859316392756924,0.013635572911524828
0,1,P62306,R-HSA-72165,1,0.02065829495516552,0.00495411666829023
0,1,P62306,R-HSA-73856,0,0.056859316392756924,0.013635572911524828
0,1,P62306,R-HSA-73856,1,0.02065829495516552,0.00495411666829023
0,1,P62306,R-HSA-77588,0,0.056859316392756924,0.013635572911524828
0,1,P62306,R-HSA-77588,1,0.02065829495516552,0.00495411666829023
0,1,P62306,R-HSA-9679506,0,0.056859316392756924,0.013635572911524828
0,1,P62306,R-HSA-9679506,1,0.02065829495516552,0.00495411666829023
0,1,P62324,R-HSA-9614085,0,0.002100547121110288,0.0009046564041907536
0,1,P62324,R-HSA-9614085,1,0.002322651833878262,0.0010003116974175441
0,1,Q12778,R-HSA-198693,0,0.053986681260329746,0.011934551087123282
0,1,Q12778,R-HSA-198693,1,0.03308112966715271,0.007313070980017714
0,1,Q12778,R-HSA-211163,0,0.053986681260329746,0.011934551087123282
0,1,Q12778,R-HSA-211163,1,0.03308112966715271,0.007313070980017714
0,1,Q12778,R-HSA-5674400,0,0.053986681260329746,0.011934551087123282
0,1,Q12778,R-HSA-5674400,1,0.03308112966715271,0.007313070980017714
0,1,Q12778,R-HSA-5687128,0,0.053986681260329746,0.011934551087123282
0,1,Q12778,R-HSA-5687128,1,0.03308112966715271,0.007313070980017714
0,1,Q12778,R-HSA-6785807,0,0.053986681260329746,0.011934551087123282
0,1,Q12778,R-HSA-6785807,1,0.03308112966715271,0.007313070980017714
0,1,Q12778,R-HSA-9614085,0,0.053986681260329746,0.011934551087123282
0,1,Q12778,R-HSA-9614085,1,0.03308112966715271,0.007313070980017714
0,1,Q13057,R-HSA-199220,0,0.020087533879632247,0.008651229951462688
0,1,Q13057,R-HSA-199220,1,0.025877596013183044,0.011144873982171432
0,1,Q13093,R-HSA-422085,0,0.04037118857044893,0.020185594285224467
0,1,Q13093,R-HSA-422085,1,0.0347228275031739,0.01736141375158695
0,1,Q13572,R-HSA-1855167,0,0.029888969454847168,0.010646665735068705
0,1,Q13572,R-HSA-1855167,1,0.03242563426731347,0.011550243972553225
0,1,Q13572,R-HSA-1855204,0,0.029888969454847168,0.010646665735068705
0,1,Q13572,R-HSA-1855204,1,0.03242563426731347,0.011550243972553225
0,1,Q13572,R-HSA-983231,0,0.029888969454847168,0.010646665735068705
0,1,Q13572,R-HSA-983231,1,0.03242563426731347,0.011550243972553225
0,1,Q15238,R-HSA-202733,0,0.039078351486330994,0.024655694673249615
0,1,Q15238,R-HSA-202733,1,0.046279790316475555,0.029199296699712645
0,1,Q15646,R-HSA-1169410,0,0.05574887319590534,0.019858149305555253
0,1,Q15646,R-HSA-1169410,1,0.016650635996186863,0.0059310762117613025
0,1,Q15646,R-HSA-877300,0,0.05574887319590534,0.019858149305555253
0,1,Q15646,R-HSA-877300,1,0.016650635996186863,0.0059310762117613025
0,1,Q15646,R-HSA-909733,0,0.05574887319590534,0.019858149305555253
0,1,Q15646,R-HSA-909733,1,0.016650635996186863,0.0059310762117613025
0,1,Q16619,R-HSA-6783589,0,0.07861475710440292,0.03385753300350008
0,1,Q16619,R-HSA-6783589,1,0.023480038132290177,0.010112302006246755
0,1,Q16659,R-HSA-5687128,0,0.022818725118344655,0.011409362559172328
0,1,Q16659,R-HSA-5687128,1,0.010984156808525278,0.005492078404262639
0,1,Q16666,R-HSA-1834941,0,0.10446086878776512,0.044988847422871014
0,1,Q16666,R-HSA-1834941,1,0.031199551983377205,0.0134369156616328
0,1,Q5TA89,R-HSA-2122947,0,0.003119632265251172,0.000779908066312793
0,1,Q5TA89,R-HSA-2122947,1,0.0019698217390056857,0.0004924554347514214
0,1,Q5TA89,R-HSA-2197563,0,0.003119632265251172,0.000779908066312793
0,1,Q5TA89,R-HSA-2197563,1,0.0019698217390056857,0.0004924554347514214
0,1,Q5TA89,R-HSA-2644602,0,0.003119632265251172,0.000779908066312793
0,1,Q5TA89,R-HSA-2644602,1,0.0019698217390056857,0.0004924554347514214
0,1,Q5TA89,R-HSA-2894858,0,0.003119632265251172,0.000779908066312793
0,1,Q5TA89,R-HSA-2894858,1,0.0019698217390056857,0.0004924554347514214
0,1,Q5TA89,R-HSA-9013508,0,0.003119632265251172,0.000779908066312793
0,1,Q5TA89,R-HSA-9013508,1,0.0019698217390056857,0.0004924554347514214
0,1,Q5TA89,R-HSA-9013695,0,0.003119632265251172,0.000779908066312793
0,1,Q5TA89,R-HSA-9013695,1,0.0019698217390056857,0.0004924554347514214
0,1,Q6MZZ7,R-HSA-1474228,0,0.02351964134924436,0.014839241520567805
0,1,Q6MZZ7,R-HSA-1474228,1,0.007322852576040672,0.004620205571241454
0,1,Q7Z5W3,R-HSA-203927,0,0.23308012145709583,0.11654006072854792
0,1,Q7Z5W3,R-HSA-203927,1,0.2577252244699454,0.1288626122349727
0,1,Q92185,R-HSA-446193,0,0.06648153615781037,0.0286320391678776
0,1,Q92185,R-HSA-446193,1,0.057180056894069894,0.024626110093578815
0,1,Q96BN8,R-HSA-5357905,0,0.0877931931213075,0.027695668850638958
0,1,Q96BN8,R-HSA-5357905,1,0.0697662814832606,0.022008811391915274
0,1,Q96BN8,R-HSA-8866652,0,0.0877931931213075,0.027695668850638958
0,1,Q96BN8,R-HSA-8866652,1,0.0697662814832606,0.022008811391915274
0,1,Q96C24,R-HSA-114608,0,0.007928946576122633,0.0034148114205523107
0,1,Q96C24,R-HSA-114608,1,0.009390109469957398,0.004044100026453626
0,1,Q96FI4,R-HSA-5649702,0,0.02226952894950675,0.006437337517970345
0,1,Q96FI4,R-HSA-5649702,1,0.17899836608110212,0.05174213160241949
0,1,Q96FI4,R-HSA-73928,0,0.02226952894950675,0.006437337517970345
0,1,Q96FI4,R-HSA-73928,1,0.17899836608110212,0.05174213160241949
0,1,Q96FI4,R-HSA-9616334,0,0.02226952894950675,0.006437337517970345
0,1,Q96FI4,R-HSA-9616334,1,0.17899836608110212,0.05174213160241949
0,1,Q96RJ3,R-HSA-5676594,0,0.05189908939008511,0.02235172118566521
0,1,Q96RJ3,R-HSA-5676594,1,0.015500812013460045,0.006675836365299674
0,1,Q99081,R-HSA-187037,0,0.07218629301748408,0.018959696297100804
0,1,Q99081,R-HSA-187037,1,0.014201424350867105,0.003729997502621123
0,1,Q99081,R-HSA-525793,0,0.07218629301748408,0.018959696297100804
0,1,Q99081,R-HSA-525793,1,0.014201424350867105,0.003729997502621123
0,1,Q99081,R-HSA-8878171,0,0.07218629301748408,0.018959696297100804
0,1,Q99081,R-HSA-8878171,1,0.014201424350867105,0.003729997502621123
0,1,Q99081,R-HSA-9839394,0,0.07218629301748408,0.018959696297100804
0,1,Q99081,R-HSA-9839394,1,0.014201424350867105,0.003729997502621123
0,1,Q99623,R-HSA-8949664,0,0.001402539083054185,0.0004995945015837959
0,1,Q99623,R-HSA-8949664,1,0.09767397465363431,0.034792171765031334
0,1,Q99623,R-HSA-9840373,0,0.001402539083054185,0.0004995945015837959
0,1,Q99623,R-HSA-9840373,1,0.09767397465363431,0.034792171765031334
0,1,Q9BTE7,R-HSA-8951664,0,0.0726617372666414,0.0363308686333207
0,1,Q9BTE7,R-HSA-8951664,1,0.06249558329923625,0.031247791649618124
0,1,Q9BY41,R-HSA-2122947,0,0.39447419443884146,0.09650832552111308
0,1,Q9BY41,R-HSA-2122947,1,0.3280767666605803,0.08026415881990571
0,1,Q9BY41,R-HSA-2644602,0,0.39447419443884146,0.09650832552111308
0,1,Q9BY41,R-HSA-2644602,1,0.3280767666605803,0.08026415881990571
0,1,Q9BY41,R-HSA-2894858,0,0.39447419443884146,0.09650832552111308
0,1,Q9BY41,R-HSA-2894858,1,0.3280767666605803,0.08026415881990571
0,1,Q9BY41,R-HSA-3214815,0,0.39447419443884146,0.09650832552111308
0,1,Q9BY41,R-HSA-3214815,1,0.3280767666605803,0.08026415881990571
0,1,Q9BY41,R-HSA-350054,0,0.39447419443884146,0.09650832552111308
0,1,Q9BY41,R-HSA-350054,1,0.3280767666605803,0.08026415881990571
0,1,Q9HBM1,R-HSA-141424,0,0.29039075653641844,0.07847466210915485
0,1,Q9HBM1,R-HSA-141424,1,0.01399771296973995,0.0037827161191458813
0,1,Q9HBM1,R-HSA-195258,0,0.29039075653641844,0.07847466210915485
0,1,Q9HBM1,R-HSA-195258,1,0.01399771296973995,0.0037827161191458813
0,1,Q9HBM1,R-HSA-2555396,0,0.29039075653641844,0.07847466210915485
0,1,Q9HBM1,R-HSA-2555396,1,0.01399771296973995,0.0037827161191458813
0,1,Q9HBM1,R-HSA-68877,0,0.29039075653641844,0.07847466210915485
0,1,Q9HBM1,R-HSA-68877,1,0.01399771296973995,0.0037827161191458813
0,1,Q9UBQ0,R-HSA-3238698,0,8.118246934464023e-05,4.0591234672320115e-05
0,1,Q9UBQ0,R-HSA-3238698,1,3.907847341062702e-05,1.953923670531351e-05
0,1,Q9Y4L1,R-HSA-3000484,0,0.002580099783647081,0.0008600332612156937
0,1,Q9Y4L1,R-HSA-3000484,1,0.001380528883937761,0.00046017629464592037
0,1,Q9Y4L1,R-HSA-381070,0,0.002580099783647081,0.0008600332612156937
0,1,Q9Y4L1,R-HSA-381070,1,0.001380528883937761,0.00046017629464592037
0,1,Q9Y644,R-HSA-1912420,0,7.180422198365805e-05,3.0924395179059714e-05
0,1,Q9Y644,R-HSA-1912420,1,3.456410547300401e-05,1.4885949977999096e-05
1,2,R-HSA-111367,R-HSA-111367,0,0.014370671300530201,0.007185335650265101
1,2,R-HSA-111367,R-HSA-111367,1,0.03212387959799274,0.01606193979899637
1,2,R-HSA-114452,R-HSA-109606,0,0.0004737089526674236,0.00020401534126335787
1,2,R-HSA-114452,R-HSA-109606,1,0.0007713636344463409,0.00033220823510633307
1,2,R-HSA-114608,R-HSA-76005,0,0.007928946437249788,0.003414811360743031
1,2,R-HSA-114608,R-HSA-76005,1,0.009390109227122313,0.0040440999218702475
1,2,R-HSA-1169410,R-HSA-913531,0,0.04430828429247832,0.019082539373221952
1,2,R-HSA-1169410,R-HSA-913531,1,0.013233650325009175,0.005699422972721791
1,2,R-HSA-1236975,R-HSA-983169,0,0.02164120262848603,0.009320358660605231
1,2,R-HSA-1236975,R-HSA-983169,1,0.006463624214050539,0.0027837314291871266
1,2,R-HSA-141424,R-HSA-69618,0,0.006751539609117922,0.0026118520509424677
1,2,R-HSA-141424,R-HSA-69618,1,0.001276841644443476,0.0004939497745469271
1,2,R-HSA-1445148,R-HSA-1445148,0,0.018465254139939064,0.007952552096939429
1,2,R-HSA-1445148,R-HSA-1445148,1,0.05757008385780164,0.024794085563874618
1,2,R-HSA-1474228,R-HSA-1474228,0,0.023519641172382623,0.014839241408980474
1,2,R-HSA-1474228,R-HSA-1474228,1,0.0073228524743171874,0.004620205507061081
1,2,R-HSA-162906,R-HSA-9824446,0,0.07682058264170057,0.033084824121320244
1,2,R-HSA-162906,R-HSA-9824446,1,0.07245877711550118,0.031206296730311188
1,2,R-HSA-165181,R-HSA-165181,0,0.011998552622956665,0.005999276311478332
1,2,R-HSA-165181,R-HSA-165181,1,0.00577569413742542,0.00288784706871271
1,2,R-HSA-166016,R-HSA-168898,0,0.02222448040377528,0.00957156272526751
1,2,R-HSA-166016,R-HSA-168898,1,0.006637833335144723,0.0028587592138449606
1,2,R-HSA-166663,R-HSA-166658,0,0.11758588022516611,0.0506414821734048
1,2,R-HSA-166663,R-HSA-166658,1,0.03511962668380875,0.015125199941005243
1,2,R-HSA-168138,R-HSA-168898,0,0.037662856853365574,0.01622050955681839
1,2,R-HSA-168138,R-HSA-168898,1,0.011248846845844058,0.004844614641862863
1,2,R-HSA-168142,R-HSA-168898,0,0.03160530975331382,0.013611666021400636
1,2,R-HSA-168142,R-HSA-168898,1,0.009439625572737826,0.0040654254511683086
1,2,R-HSA-168164,R-HSA-168898,0,0.01820226335915392,0.007839288132665849
1,2,R-HSA-168164,R-HSA-168898,1,0.005436509016432795,0.002341376991132244
1,2,R-HSA-168176,R-HSA-168898,0,0.035256756846837774,0.015184258687626628
1,2,R-HSA-168176,R-HSA-168898,1,0.01053021102220205,0.004535115038828485
1,2,R-HSA-168181,R-HSA-168898,0,0.039723730094780106,0.017108079351056356
1,2,R-HSA-168181,R-HSA-168898,1,0.011864371991718005,0.005109706893095478
1,2,R-HSA-181438,R-HSA-168898,0,0.05553718310469636,0.023918562864622427
1,2,R-HSA-181438,R-HSA-168898,1,0.016587409695113402,0.00714380851484467
1,2,R-HSA-1834941,R-HSA-1834949,0,0.10446086606984514,0.044988846252326596
1,2,R-HSA-1834941,R-HSA-1834949,1,0.031199550726302486,0.013436915120240187
1,2,R-HSA-1855167,R-HSA-1855167,0,0.024991021654036907,0.012495510827018453
1,2,R-HSA-1855167,R-HSA-1855167,1,0.03219447168423638,0.01609723584211819
1,2,R-HSA-1855204,R-HSA-1855204,0,0.0045199694313151455,0.0022599847156575727
1,2,R-HSA-1855204,R-HSA-1855204,1,0.005822812274065934,0.002911406137032967
1,2,R-HSA-187037,R-HSA-166520,0,0.003513798585747561,0.0013593228469532062
1,2,R-HSA-187037,R-HSA-166520,1,0.0016914229353233168,0.0006543317107507136
1,2,R-HSA-1912420,R-HSA-1912422,0,7.180421911948762e-05,3.092439394552865e-05
1,2,R-HSA-1912420,R-HSA-1912422,1,3.4564105378515494e-05,1.4885949937305106e-05
1,2,R-HSA-191859,R-HSA-191859,0,0.010883393368623309,0.005441696684311654
1,2,R-HSA-191859,R-HSA-191859,1,0.024328496048278445,0.012164248024139223
1,2,R-HSA-195258,R-HSA-194315,0,0.07254261194164148,0.028063313073749988
1,2,R-HSA-195258,R-HSA-194315,1,0.034919540557893924,0.013508722292161695
1,2,R-HSA-198323,R-HSA-1257604,0,2.6346142404940147e-05,1.134666592947109e-05
1,2,R-HSA-198323,R-HSA-1257604,1,1.2682135049611422e-05,5.4618982721885875e-06
1,2,R-HSA-198693,R-HSA-1257604,0,0.0023400230822971935,0.0009052444983802941
1,2,R-HSA-198693,R-HSA-1257604,1,0.0011264073792220258,0.00043575385674174356
1,2,R-HSA-199220,R-HSA-196849,0,0.020087533752163066,0.0086512298965647
1,2,R-HSA-199220,R-HSA-196849,1,0.025877595961971495,0.01114487396011582
1,2,R-HSA-199418,R-HSA-1257604,0,0.002798303758219425,0.0012051638310337824
1,2,R-HSA-199418,R-HSA-1257604,1,0.001347008114626428,0.0005801248185042405
1,2,R-HSA-199992,R-HSA-199992,0,0.017286033558022496,0.008643016779011248
1,2,R-HSA-199992,R-HSA-199992,1,0.05389356610950157,0.026946783054750786
1,2,R-HSA-202733,R-HSA-202733,0,0.04234633333460526,0.02117316666730263
1,2,R-HSA-202733,R-HSA-202733,1,0.05015000445004821,0.025075002225024106
1,2,R-HSA-203927,R-HSA-203927,0,0.2330801199063199,0.11654005995315996
1,2,R-HSA-203927,R-HSA-203927,1,0.2577252224254363,0.12886261121271814
1,2,R-HSA-211163,R-HSA-210745,0,0.04028612332261288,0.015584799899949731
1,2,R-HSA-211163,R-HSA-210745,1,0.013488323504868905,0.005217995812746188
1,2,R-HSA-211897,R-HSA-211945,0,0.007998847585143336,0.0034449161465232043
1,2,R-HSA-211897,R-HSA-211945,1,0.010304448112929795,0.004437884246122474
1,2,R-HSA-2122947,R-HSA-1980143,0,0.0036489841755094577,0.001411619771850253
1,2,R-HSA-2122947,R-HSA-1980143,1,0.001756496550678085,0.0006795056215276065
1,2,R-HSA-2197563,R-HSA-1980145,0,0.0015326535004323188,0.0006600779342853287
1,2,R-HSA-2197563,R-HSA-1980145,1,0.0007377671923292767,0.0003177390350518439
1,2,R-HSA-2428924,R-HSA-2404192,0,0.002447254459814128,0.0010539751274825095
1,2,R-HSA-2428924,R-HSA-2404192,1,0.0011780248899816352,0.0005073477049420782
1,2,R-HSA-2555396,R-HSA-68886,0,0.19495281497858322,0.07541804375274111
1,2,R-HSA-2555396,R-HSA-68886,1,0.03686920122877032,0.014262953995845009
1,2,R-HSA-2644602,R-HSA-2644603,0,0.0011795613028416833,0.00045631660130953847
1,2,R-HSA-2644602,R-HSA-2644603,1,0.001112586845907187,0.00043040734463141965
1,2,R-HSA-2894858,R-HSA-2644603,0,0.0017455633602244584,0.0006752760861085911
1,2,R-HSA-2894858,R-HSA-2644603,1,0.0016464517587232526,0.0006369344848383384
1,2,R-HSA-3000471,R-HSA-3000471,0,0.008740755549402261,0.0043703777747011304
1,2,R-HSA-3000471,R-HSA-3000471,1,0.027251508391810394,0.013625754195905197
1,2,R-HSA-3000480,R-HSA-3000480,0,0.003298499167930603,0.0016492495839653014
1,2,R-HSA-3000480,R-HSA-3000480,1,0.010283902767976262,0.005141951383988131
1,2,R-HSA-3000484,R-HSA-3000484,0,0.0016830214289816818,0.0007248378761975943
1,2,R-HSA-3000484,R-HSA-3000484,1,0.005247243644309772,0.00225986483210382
1,2,R-HSA-3000497,R-HSA-3000497,0,0.005493693672528584,0.002746846836264292
1,2,R-HSA-3000497,R-HSA-3000497,1,0.017127974663218574,0.008563987331609287
1,2,R-HSA-3214815,R-HSA-3214815,0,0.35997113404580605,0.17998556702290303
1,2,R-HSA-3214815,R-HSA-3214815,1,0.2818772379273119,0.14093861896365595
1,2,R-HSA-3238698,R-HSA-3238698,0,0.0016362378948035538,0.0007046893047232491
1,2,R-HSA-3238698,R-HSA-3238698,1,0.0007876291739640132,0.00033921342168101096
1,2,R-HSA-350054,R-HSA-212436,0,0.03976840188233137,0.01712731844276192
1,2,R-HSA-350054,R-HSA-212436,1,0.04397337803703312,0.018938303099849563
1,2,R-HSA-3700989,R-HSA-212436,0,0.02457206230834485,0.010582611219722914
1,2,R-HSA-3700989,R-HSA-212436,1,0.027170229585933087,0.011701580960133535
1,2,R-HSA-373080,R-HSA-500792,0,0.003625082566372839,0.0015612380824173168
1,2,R-HSA-373080,R-HSA-500792,1,0.0017449912937348262,0.0007515268442537522
1,2,R-HSA-3769402,R-HSA-201681,0,0.001689388092376458,0.0007275798488748684
1,2,R-HSA-3769402,R-HSA-201681,1,0.0008132138549355589,0.0003502321440212421
1,2,R-HSA-381070,R-HSA-381119,0,0.00404043054954155,0.0017401187222111428
1,2,R-HSA-381070,R-HSA-381119,1,0.0047047834753645755,0.0020262399536505916
1,2,R-HSA-381340,R-HSA-381340,0,0.07299798939983212,0.03649899469991606
1,2,R-HSA-381340,R-HSA-381340,1,0.024440687324595974,0.012220343662297987
1,2,R-HSA-381426,R-HSA-381426,0,0.03783650271561083,0.02387217533436612
1,2,R-HSA-381426,R-HSA-381426,1,0.03254277094566323,0.020532202453279687
1,2,R-HSA-389356,R-HSA-388841,0,0.008611348170968714,0.003708705790644415
1,2,R-HSA-389356,R-HSA-388841,1,0.0025719699737272515,0.001107687175752968
1,2,R-HSA-389513,R-HSA-388841,0,0.033089005340885845,0.014250658930284836
1,2,R-HSA-389513,R-HSA-388841,1,0.009882764183168127,0.004256274862657857
1,2,R-HSA-389977,R-HSA-389977,0,0.06755370067437,0.029093795291557926
1,2,R-HSA-389977,R-HSA-389977,1,0.058102217747476134,0.025023263155913834
1,2,R-HSA-397795,R-HSA-388396,0,0.003866137810929943,0.0016650549254487103
1,2,R-HSA-397795,R-HSA-388396,1,0.0018610269959035226,0.0008015007010773957
1,2,R-HSA-422085,R-HSA-422085,0,0.040371184943523986,0.020185592471761993
1,2,R-HSA-422085,R-HSA-422085,1,0.03472282424074645,0.017361412120373225
1,2,R-HSA-432142,R-HSA-432142,0,0.012599759922120658,0.006299879961060329
1,2,R-HSA-432142,R-HSA-432142,1,0.014921669910721063,0.0074608349553605315
1,2,R-HSA-4420097,R-HSA-194138,0,0.00481863668234767,0.0020752738609596884
1,2,R-HSA-4420097,R-HSA-194138,1,0.002319527529109039,0.000998966132593163
1,2,R-HSA-442755,R-HSA-112314,0,0.048765648678069665,0.021002221724887353
1,2,R-HSA-442755,R-HSA-112314,1,0.08137852174905465,0.03504782164798362
1,2,R-HSA-446193,R-HSA-446203,0,0.06648153936028113,0.028632040547106684
1,2,R-HSA-446193,R-HSA-446203,1,0.05718006058633854,0.024626111683752363
1,2,R-HSA-448424,R-HSA-449147,0,0.018177895413922094,0.007828793429886084
1,2,R-HSA-448424,R-HSA-449147,1,0.005429230794725562,0.0023382424316584775
1,2,R-HSA-525793,R-HSA-525793,0,0.09997757539255102,0.06307882700509403
1,2,R-HSA-525793,R-HSA-525793,1,0.03347380751300149,0.021119621125276433
1,2,R-HSA-5357905,R-HSA-75893,0,0.015349230747093455,0.006610553867232505
1,2,R-HSA-5357905,R-HSA-75893,1,0.007388596834376726,0.003182095453621336
1,2,R-HSA-5423646,R-HSA-5423646,0,0.013587450756841254,0.006793725378420627
1,2,R-HSA-5423646,R-HSA-5423646,1,0.01750391837931777,0.008751959189658884
1,2,R-HSA-5649702,R-HSA-73933,0,0.045210644167897183,0.01947116461851088
1,2,R-HSA-5649702,R-HSA-73933,1,0.04979056974899812,0.02144363120401172
1,2,R-HSA-5673001,R-HSA-5684996,0,0.005780416736342886,0.0022361704414397728
1,2,R-HSA-5673001,R-HSA-5684996,1,0.0027824956540860933,0.001076416254901117
1,2,R-HSA-5674400,R-HSA-2219528,0,0.014029107270079503,0.005427199530424772
1,2,R-HSA-5674400,R-HSA-2219528,1,0.013232546777404562,0.005119047867701342
1,2,R-HSA-5676594,R-HSA-5668541,0,0.051899091686489277,0.022351722174672652
1,2,R-HSA-5676594,R-HSA-5668541,1,0.01550081275742671,0.0066758366857086774
1,2,R-HSA-5686938,R-HSA-168898,0,0.005630404498893208,0.0024248832301442744
1,2,R-HSA-5686938,R-HSA-168898,1,0.0016816449747676205,0.0007242450696343368
1,2,R-HSA-5687128,R-HSA-5687128,0,0.02389643701742618,0.010291635244882727
1,2,R-HSA-5687128,R-HSA-5687128,1,0.011502930584566248,0.004954042551918155
1,2,R-HSA-6783589,R-HSA-449147,0,0.07861475796044733,0.03385753337217833
1,2,R-HSA-6783589,R-HSA-449147,1,0.023480038060370134,0.010112301975272478
1,2,R-HSA-6784531,R-HSA-6784531,0,0.07254411338138968,0.03627205669069484
1,2,R-HSA-6784531,R-HSA-6784531,1,0.16216350515605882,0.08108175257802941
1,2,R-HSA-6785807,R-HSA-449147,0,0.024489356668849584,0.010546991839571834
1,2,R-HSA-6785807,R-HSA-449147,1,0.007314288605462375,0.0031500926413559737
1,2,R-HSA-6798695,R-HSA-6798695,0,0.11087769684113133,0.04775242484264357
1,2,R-HSA-6798695,R-HSA-6798695,1,0.03311607966707715,0.014262319207901063
1,2,R-HSA-6807070,R-HSA-1257604,0,0.006776400454257852,0.002918436823766749
1,2,R-HSA-6807070,R-HSA-1257604,1,0.0032619283258379884,0.0014048360640540104
1,2,R-HSA-6809371,R-HSA-6809371,0,0.009902379626107806,0.004951189813053903
1,2,R-HSA-6809371,R-HSA-6809371,1,0.003315446991896701,0.0016577234959483506
1,2,R-HSA-68877,R-HSA-68886,0,0.07488779701312663,0.028970554502138555
1,2,R-HSA-68877,R-HSA-68886,1,0.01416267464026952,0.005478870442537715
1,2,R-HSA-69206,R-HSA-453279,0,0.0474319762650059,0.020427840280431615
1,2,R-HSA-69206,R-HSA-453279,1,0.008970268556542859,0.0038632843869258623
1,2,R-HSA-69656,R-HSA-69242,0,0.06616992437826551,0.028497835279208093
1,2,R-HSA-69656,R-HSA-69242,1,0.01251396270095466,0.005389470383905975
1,2,R-HSA-72086,R-HSA-72086,0,0.01985274419068726,0.012525686999947497
1,2,R-HSA-72086,R-HSA-72086,1,0.04437838374500503,0.0279996427201356
1,2,R-HSA-72163,R-HSA-72172,0,0.012559534755277687,0.0054090971994061494
1,2,R-HSA-72163,R-HSA-72172,1,0.028075306589086652,0.012091376408643092
1,2,R-HSA-72165,R-HSA-72172,0,0.009135395965009034,0.003934400890847654
1,2,R-HSA-72165,R-HSA-72172,1,0.020421061311446047,0.008794872397819314
1,2,R-HSA-73614,R-HSA-8956321,0,0.0950976642108379,0.040956334703142964
1,2,R-HSA-73614,R-HSA-8956321,1,0.12250876391548306,0.05276165277694614
1,2,R-HSA-73856,R-HSA-73856,0,0.011355026255457163,0.0056775131277285815
1,2,R-HSA-73856,R-HSA-73856,1,0.012555668658023933,0.0062778343290119665
1,2,R-HSA-73928,R-HSA-73929,0,0.035960940088933475,0.015487533902585367
1,2,R-HSA-73928,R-HSA-73929,1,0.03960385114064243,0.017056450295702904
1,2,R-HSA-74751,R-HSA-74752,0,0.002781873997719231,0.0011980879183315885
1,2,R-HSA-74751,R-HSA-74752,1,0.0013390992993698512,0.0005767186771710997
1,2,R-HSA-77075,R-HSA-77075,0,0.024375496917435575,0.012187748458717788
1,2,R-HSA-77075,R-HSA-77075,1,0.026952879949161658,0.013476439974580829
1,2,R-HSA-77588,R-HSA-77588,0,0.011623875747633204,0.005811937873816602
1,2,R-HSA-77588,R-HSA-77588,1,0.025983755328210324,0.012991877664105162
1,2,R-HSA-83936,R-HSA-425397,0,0.017326653188390013,0.007462183358107193
1,2,R-HSA-83936,R-HSA-425397,1,0.23640410859325828,0.10181370780335312
1,2,R-HSA-877300,R-HSA-913531,0,0.04303290550998239,0.01853326362893677
1,2,R-HSA-877300,R-HSA-913531,1,0.01285272983607928,0.0055353694476498305
1,2,R-HSA-8856688,R-HSA-6811442,0,0.006682547467719884,0.0028780165425596684
1,2,R-HSA-8856688,R-HSA-6811442,1,0.02083452691826656,0.0089729423422465
1,2,R-HSA-8856825,R-HSA-8856828,0,0.0029830734600995337,0.0012847398102757545
1,2,R-HSA-8856825,R-HSA-8856828,1,0.00930048325171111,0.00400550011526618
1,2,R-HSA-8863795,R-HSA-1227986,0,0.0017023499095954592,0.0007331621997011242
1,2,R-HSA-8863795,R-HSA-1227986,1,0.0008194532475576794,0.00035291930416020547
1,2,R-HSA-8866423,R-HSA-8963898,0,0.0017975043133446889,0.0007741429707933685
1,2,R-HSA-8866423,R-HSA-8963898,1,0.024525069812135862,0.01056237265320035
1,2,R-HSA-8866652,R-HSA-8852135,0,0.07912329107253194,0.030609067269044724
1,2,R-HSA-8866652,R-HSA-8852135,1,0.0680530957065807,0.026326531115091676
1,2,R-HSA-8876198,R-HSA-9007101,0,0.0006746757469161279,0.0002905670284974336
1,2,R-HSA-8876198,R-HSA-9007101,1,0.002103471683839201,0.0009059159448007116
1,2,R-HSA-8878166,R-HSA-212436,0,0.03159643720713435,0.013607844823750714
1,2,R-HSA-8878166,R-HSA-212436,1,0.03493733756616935,0.015046692291246073
1,2,R-HSA-8878171,R-HSA-212436,0,0.03605513813202448,0.015528102791561051
1,2,R-HSA-8878171,R-HSA-212436,1,0.039867486724688206,0.017169991961625407
1,2,R-HSA-8949664,R-HSA-8949664,0,0.006681621742048859,0.0033408108710244297
1,2,R-HSA-8949664,R-HSA-8949664,1,0.09116375669049585,0.04558187834524793
1,2,R-HSA-8951664,R-HSA-8951664,0,0.07266173642277024,0.03633086821138512
1,2,R-HSA-8951664,R-HSA-8951664,1,0.06249558257010134,0.03124779128505067
1,2,R-HSA-8957275,R-HSA-8957275,0,0.10490688481849457,0.052453442409247285
1,2,R-HSA-8957275,R-HSA-8957275,1,0.09022928994118747,0.04511464497059373
1,2,R-HSA-8963888,R-HSA-8963898,0,0.007029200153283455,0.0030273117280250855
1,2,R-HSA-8963888,R-HSA-8963898,1,0.09590609924746857,0.041304508722145
1,2,R-HSA-8963901,R-HSA-8963899,0,0.012878630540818939,0.005546524274018781
1,2,R-HSA-8963901,R-HSA-8963899,1,0.17571547368984633,0.07567653540897888
1,2,R-HSA-8964026,R-HSA-8964043,0,0.0032903940642042403,0.0014170955902766053
1,2,R-HSA-8964026,R-HSA-8964043,1,0.04489399364431917,0.019334790660904162
1,2,R-HSA-8964038,R-HSA-8964043,0,0.0003446309704119043,0.0001484244801424923
1,2,R-HSA-8964038,R-HSA-8964043,1,0.004702129810364288,0.0020250970823419883
1,2,R-HSA-8964041,R-HSA-8963899,0,0.026059113979219825,0.011223049515012637
1,2,R-HSA-8964041,R-HSA-8963899,1,0.3555494126317521,0.15312679725725958
1,2,R-HSA-8964046,R-HSA-8964043,0,0.005973658519101614,0.0025727146901124856
1,2,R-HSA-8964046,R-HSA-8964043,1,0.08150433915523955,0.03510200825542505
1,2,R-HSA-9009391,R-HSA-8939211,0,0.01568012881426302,0.006753063907874232
1,2,R-HSA-9009391,R-HSA-8939211,1,0.007547879469257168,0.003250694750572506
1,2,R-HSA-9012999,R-HSA-194315,0,0.005806159981650931,0.002500576996520898
1,2,R-HSA-9012999,R-HSA-194315,1,0.002794887669348502,0.0012036926016367805
1,2,R-HSA-9013508,R-HSA-9012852,0,0.0033808358443820907,0.0014560467448696325
1,2,R-HSA-9013508,R-HSA-9012852,1,0.001627419156455709,0.0007008912808450495
1,2,R-HSA-9013695,R-HSA-9013694,0,0.0014586992354850281,0.0006282275660029818
1,2,R-HSA-9013695,R-HSA-9013694,1,0.0007021680908700581,0.0003024073365648821
1,2,R-HSA-9018677,R-HSA-9018678,0,0.07336660543618424,0.03159727710678452
1,2,R-HSA-9018677,R-HSA-9018678,1,0.09451390582678589,0.040704923651552954
1,2,R-HSA-909733,R-HSA-913531,0,0.03159275039066555,0.013606256998323685
1,2,R-HSA-909733,R-HSA-913531,1,0.009435874898966946,0.00406381012389821
1,2,R-HSA-9607240,R-HSA-9607240,0,0.06672211985698176,0.03336105992849088
1,2,R-HSA-9607240,R-HSA-9607240,1,0.019928038874380806,0.009964019437190403
1,2,R-HSA-9614085,R-HSA-212436,0,0.0038803699943540638,0.001382215680627233
1,2,R-HSA-9614085,R-HSA-212436,1,0.004290667190739091,0.0015283664908298511
1,2,R-HSA-9616334,R-HSA-9605308,0,0.09503179589284208,0.04092796676266244
1,2,R-HSA-9616334,R-HSA-9605308,1,0.08963597392161879,0.0386041127281192
1,2,R-HSA-9679506,R-HSA-9824446,0,0.05759609048982384,0.022281209291723034
1,2,R-HSA-9679506,R-HSA-9824446,1,0.05432583282946815,0.021016100935434174
1,2,R-HSA-9707616,R-HSA-9707616,0,0.004432058241499922,0.002216029120749961
1,2,R-HSA-9707616,R-HSA-9707616,1,0.005160805207739171,0.0025804026038695857
1,2,R-HSA-9725554,R-HSA-9725554,0,0.015344841500686575,0.007672420750343288
1,2,R-HSA-9725554,R-HSA-9725554,1,0.005137654887011405,0.0025688274435057023
1,2,R-HSA-9749641,R-HSA-9749641,0,0.18173852313031183,0.11466424161304827
1,2,R-HSA-9749641,R-HSA-9749641,1,0.06862949451155706,0.04330039005991039
1,2,R-HSA-9754706,R-HSA-9754706,0,0.04751491989792647,0.02997857670216629
1,2,R-HSA-9754706,R-HSA-9754706,1,0.017942948161922125,0.011320739862146963
1,2,R-HSA-9755511,R-HSA-9711123,0,0.008468023325874059,0.003646979139672646
1,2,R-HSA-9755511,R-HSA-9711123,1,0.009860389321567289,0.004246638534276239
1,2,R-HSA-975634,R-HSA-6806667,0,0.012820348474633647,0.0045667002678938745
1,2,R-HSA-975634,R-HSA-6806667,1,0.12324978517762457,0.04390245928978965
1,2,R-HSA-975634,R-HSA-975634,0,0.012820348474633647,0.0045667002678938745
1,2,R-HSA-975634,R-HSA-975634,1,0.12324978517762457,0.04390245928978965
1,2,R-HSA-9757110,R-HSA-9757110,0,0.09377684413406175,0.05916660116021256
1,2,R-HSA-9757110,R-HSA-9757110,1,0.035412731055447906,0.022342945678106046
1,2,R-HSA-977347,R-HSA-977347,0,0.035119108310587205,0.017559554155293602
1,2,R-HSA-977347,R-HSA-977347,1,0.045241893261286,0.022620946630643
1,2,R-HSA-9824585,R-HSA-9856651,0,0.01997600282881579,0.008603196142378748
1,2,R-HSA-9824585,R-HSA-9856651,1,0.00668822832085425,0.002880463152834498
1,2,R-HSA-983168,R-HSA-983169,0,0.0066592319242142995,0.002867975084533073
1,2,R-HSA-983168,R-HSA-983169,1,0.0019889270860438467,0.0008565842716763072
1,2,R-HSA-983231,R-HSA-983231,0,0.05887568072564765,0.03714641873158468
1,2,R-HSA-983231,R-HSA-983231,1,0.06972541473861874,0.04399183873870439
1,2,R-HSA-9839394,R-HSA-9839373,0,0.009342246483426537,0.004023486560155401
1,2,R-HSA-9839394,R-HSA-9839373,1,0.004497039127097826,0.0019367693327798678
1,2,R-HSA-9840373,R-HSA-9840373,0,0.00559598668486125,0.002797993342430625
1,2,R-HSA-9840373,R-HSA-9840373,1,0.006516113966461909,0.0032580569832309546
1,2,R-HSA-9907900,R-HSA-9907900,0,0.07347577294757894,0.03673788647378947
1,2,R-HSA-9907900,R-HSA-9907900,1,0.06319572699710709,0.03159786349855354
2,3,R-HSA-109606,R-HSA-109581,0,0.0004737089414867604,0.00020401533644810832
2,3,R-HSA-109606,R-HSA-109581,1,0.0007713636083683293,0.00033220822387514484
2,3,R-HSA-111367,R-HSA-75067,0,0.014370671703947945,0.007185335851973972
2,3,R-HSA-111367,R-HSA-75067,1,0.03212388014151202,0.01606194007075601
2,3,R-HSA-112314,R-HSA-112315,0,0.04876564974864987,0.021002222185961154
2,3,R-HSA-112314,R-HSA-112315,1,0.08137852301486138,0.0350478221931369
2,3,R-HSA-1227986,R-HSA-9006934,0,0.0017023500612537007,0.0007331622650167737
2,3,R-HSA-1227986,R-HSA-9006934,1,0.0008194533257313179,0.000352919337827759
2,3,R-HSA-1257604,R-HSA-9006925,0,0.007504457018512767,0.0023673926086889272
2,3,R-HSA-1257604,R-HSA-9006925,1,0.0036123898661781615,0.0011395821240359088
2,3,R-HSA-1445148,R-HSA-199991,0,0.0184652547727681,0.00795255236948406
2,3,R-HSA-1445148,R-HSA-199991,1,0.05757008596151536,0.024794086469894804
2,3,R-HSA-1474228,R-HSA-1474228,0,0.02351964059310446,0.014839241043496645
2,3,R-HSA-1474228,R-HSA-1474228,1,0.0073228523467080845,0.0046202054265487005
2,3,R-HSA-165181,R-HSA-165159,0,0.011998552440428075,0.0059992762202140375
2,3,R-HSA-165181,R-HSA-165159,1,0.005775694059882251,0.0028878470299411253
2,3,R-HSA-166520,R-HSA-9006934,0,0.003513798467941762,0.001359322801379702
2,3,R-HSA-166520,R-HSA-9006934,1,0.0016914228722096315,0.0006543316863350072
2,3,R-HSA-166658,R-HSA-168249,0,0.11758588026546371,0.05064148219076003
2,3,R-HSA-166658,R-HSA-168249,1,0.03511962635345229,0.01512519979872846
2,3,R-HSA-168898,R-HSA-168249,0,0.03219069155686437,0.00869915307606613
2,3,R-HSA-168898,R-HSA-168249,1,0.009614462832779771,0.002598194691740466
2,3,R-HSA-1834949,R-HSA-168249,0,0.1044608703879161,0.04498884811201854
2,3,R-HSA-1834949,R-HSA-168249,1,0.031199551822370407,0.013436915592290946
2,3,R-HSA-1855167,R-HSA-1483249,0,0.024991021864619913,0.012495510932309956
2,3,R-HSA-1855167,R-HSA-1483249,1,0.032194472024667235,0.016097236012333618
2,3,R-HSA-1855204,R-HSA-1483249,0,0.004519969876617744,0.002259984938308872
2,3,R-HSA-1855204,R-HSA-1483249,1,0.0058228128091286635,0.0029114064045643318
2,3,R-HSA-1912422,R-HSA-157118,0,7.180422203503575e-05,3.0924395201186884e-05
2,3,R-HSA-1912422,R-HSA-157118,1,3.4564105609646845e-05,1.488595003684796e-05
2,3,R-HSA-191859,R-HSA-194441,0,0.0108833924339426,0.0054416962169713
2,3,R-HSA-191859,R-HSA-194441,1,0.024328493818757124,0.012164246909378562
2,3,R-HSA-194138,R-HSA-9006934,0,0.004818636625189426,0.0020752738363429726
2,3,R-HSA-194138,R-HSA-9006934,1,0.002319527461517842,0.0009989661034832187
2,3,R-HSA-194315,R-HSA-9716542,0,0.07288283708308321,0.024294279027694404
2,3,R-HSA-194315,R-HSA-9716542,1,0.03508331358590602,0.011694437861968674
2,3,R-HSA-196849,R-HSA-196854,0,0.02008753210555789,0.008651229187410452
2,3,R-HSA-196849,R-HSA-196854,1,0.02587759382619809,0.01114487304028828
2,3,R-HSA-1980143,R-HSA-157118,0,0.0036489841493724164,0.001411619761739065
2,3,R-HSA-1980143,R-HSA-157118,1,0.0017564965501938228,0.0006795056213402683
2,3,R-HSA-1980145,R-HSA-157118,0,0.0015326534795664115,0.0006600779252988716
2,3,R-HSA-1980145,R-HSA-157118,1,0.0007377671745766398,0.0003177390274061993
2,3,R-HSA-199992,R-HSA-199991,0,0.017286034008574366,0.008643017004287183
2,3,R-HSA-199992,R-HSA-199991,1,0.053893567030454594,0.026946783515227297
2,3,R-HSA-201681,R-HSA-195721,0,0.0016893880593329413,0.0007275798346438004
2,3,R-HSA-201681,R-HSA-195721,1,0.0008132138526246553,0.00035023214302599005
2,3,R-HSA-202733,R-HSA-202733,0,0.04234632928105734,0.02117316464052867
2,3,R-HSA-202733,R-HSA-202733,1,0.05014999924605945,0.025074999623029726
2,3,R-HSA-203927,R-HSA-211000,0,0.23308012731936636,0.11654006365968318
2,3,R-HSA-203927,R-HSA-211000,1,0.25772523186955926,0.12886261593477963
2,3,R-HSA-210745,R-HSA-186712,0,0.04028612151012986,0.015584799198785589
2,3,R-HSA-210745,R-HSA-186712,1,0.01348832289386337,0.0052179955763769804
2,3,R-HSA-211945,R-HSA-211859,0,0.007998847829106545,0.0034449162515924393
2,3,R-HSA-211945,R-HSA-211859,1,0.01030444842669672,0.0044378843812545345
2,3,R-HSA-212436,R-HSA-73857,0,0.06313335383310914,0.017061041022666368
2,3,R-HSA-212436,R-HSA-73857,1,0.06980885838185294,0.01886501705179007
2,3,R-HSA-2219528,R-HSA-5663202,0,0.01402910778331436,0.005427199728971118
2,3,R-HSA-2219528,R-HSA-5663202,1,0.013232547078867075,0.0051190479843229615
2,3,R-HSA-2404192,R-HSA-9006934,0,0.0024472543707383045,0.0010539750891196405
2,3,R-HSA-2404192,R-HSA-9006934,1,0.001178024862271015,0.0005073476930077637
2,3,R-HSA-2644603,R-HSA-5663202,0,0.000811629252882977,0.0002891081731440308
2,3,R-HSA-2644603,R-HSA-5663202,1,0.00076554562714648,0.00027269285444869436
2,3,R-HSA-3000471,R-HSA-2173782,0,0.008740755605720971,0.0043703778028604855
2,3,R-HSA-3000471,R-HSA-2173782,1,0.02725150882640894,0.01362575441320447
2,3,R-HSA-3000480,R-HSA-2173782,0,0.003298499094030059,0.0016492495470150294
2,3,R-HSA-3000480,R-HSA-2173782,1,0.010283902398774978,0.005141951199387489
2,3,R-HSA-3000484,R-HSA-2173782,0,0.0016830213877483402,0.0007248378584393607
2,3,R-HSA-3000484,R-HSA-2173782,1,0.005247243530045755,0.002259864782892987
2,3,R-HSA-3000497,R-HSA-2173782,0,0.005493693958984435,0.0027468469794922176
2,3,R-HSA-3000497,R-HSA-2173782,1,0.017127975706199113,0.008563987853099557
2,3,R-HSA-3214815,R-HSA-3247509,0,0.3599711008943044,0.1799855504471522
2,3,R-HSA-3214815,R-HSA-3247509,1,0.28187720941451305,0.14093860470725653
2,3,R-HSA-3238698,R-HSA-195721,0,0.0016362380125393918,0.0007046893554293147
2,3,R-HSA-3238698,R-HSA-195721,1,0.000787629236216302,0.00033921344849161244
2,3,R-HSA-381119,R-HSA-2262752,0,0.004040430606695422,0.0017401187468259755
2,3,R-HSA-381119,R-HSA-2262752,1,0.004704783544564879,0.0020262399834535404
2,3,R-HSA-381340,R-HSA-9843745,0,0.07299798892591543,0.036498994462957714
2,3,R-HSA-381340,R-HSA-9843745,1,0.024440687122338343,0.012220343561169172
2,3,R-HSA-381426,R-HSA-381426,0,0.037836503713151615,0.023872175963744285
2,3,R-HSA-381426,R-HSA-381426,1,0.03254277201232561,0.02053220312626872
2,3,R-HSA-388396,R-HSA-372790,0,0.003866137865901902,0.0016650549491238444
2,3,R-HSA-388396,R-HSA-372790,1,0.001861027050145262,0.0008015007244380414
2,3,R-HSA-388841,R-HSA-1280218,0,0.024477656264375234,0.009469250040395722
2,3,R-HSA-388841,R-HSA-1280218,1,0.007310794376035819,0.0028282013274839556
2,3,R-HSA-389977,R-HSA-391251,0,0.06755370579944261,0.02909379749880656
2,3,R-HSA-389977,R-HSA-391251,1,0.05810222183656431,0.02502326491698826
2,3,R-HSA-422085,R-HSA-2980736,0,0.04037118342015534,0.02018559171007767
2,3,R-HSA-422085,R-HSA-2980736,1,0.03472282353106074,0.01736141176553037
2,3,R-HSA-425397,R-HSA-425407,0,0.017326651225560524,0.007462182512762545
2,3,R-HSA-425397,R-HSA-425407,1,0.23640408133416294,0.10181369606349977
2,3,R-HSA-432142,R-HSA-418346,0,0.012599759756365249,0.006299879878182624
2,3,R-HSA-432142,R-HSA-418346,1,0.014921669644728843,0.007460834822364422
2,3,R-HSA-446203,R-HSA-597592,0,0.06648153883109514,0.028632040319198686
2,3,R-HSA-446203,R-HSA-597592,1,0.0571800608959865,0.024626111817110483
2,3,R-HSA-449147,R-HSA-1280215,0,0.08474203394423686,0.026733135296790726
2,3,R-HSA-449147,R-HSA-1280215,1,0.02531008416791827,0.00798444258346876
2,3,R-HSA-453279,R-HSA-69278,0,0.04743197597067942,0.020427840153672102
2,3,R-HSA-453279,R-HSA-69278,1,0.008970268512887113,0.003863284368124356
2,3,R-HSA-500792,R-HSA-372790,0,0.0036250825033640956,0.001561238055280928
2,3,R-HSA-500792,R-HSA-372790,1,0.0017449912596287748,0.0007515268295650754
2,3,R-HSA-525793,R-HSA-525793,0,0.09997757573689971,0.06307882722235386
2,3,R-HSA-525793,R-HSA-525793,1,0.033473807947258974,0.0211196213992624
2,3,R-HSA-5423646,R-HSA-211859,0,0.013587450934446329,0.006793725467223164
2,3,R-HSA-5423646,R-HSA-211859,1,0.01750391841540022,0.00875195920770011
2,3,R-HSA-5668541,R-HSA-1280215,0,0.051899092507553105,0.022351722528285593
2,3,R-HSA-5668541,R-HSA-1280215,1,0.015500813114368402,0.006675836839435096
2,3,R-HSA-5684996,R-HSA-5683057,0,0.005780416703985863,0.0022361704289223672
2,3,R-HSA-5684996,R-HSA-5683057,1,0.0027824956285502802,0.0010764162450225163
2,3,R-HSA-5687128,R-HSA-5683057,0,0.023896437491482805,0.010291635449047803
2,3,R-HSA-5687128,R-HSA-5683057,1,0.011502930734562912,0.0049540426165182025
2,3,R-HSA-6784531,R-HSA-72306,0,0.07254410539574635,0.036272052697873175
2,3,R-HSA-6784531,R-HSA-72306,1,0.16216348559828475,0.08108174279914238
2,3,R-HSA-6798695,R-HSA-168249,0,0.11087770235406844,0.04775242721693635
2,3,R-HSA-6798695,R-HSA-168249,1,0.0331160812896157,0.014262319906690381
2,3,R-HSA-6806667,R-HSA-196854,0,0.04527524716887946,0.01949898761661514
2,3,R-HSA-6806667,R-HSA-196854,1,0.05832545372623617,0.02511940565888435
2,3,R-HSA-6809371,R-HSA-6805567,0,0.009902378169744434,0.004951189084872217
2,3,R-HSA-6809371,R-HSA-6805567,1,0.0033154465436295,0.00165772327181475
2,3,R-HSA-6811442,R-HSA-199991,0,0.006682547432984183,0.0028780165275998164
2,3,R-HSA-6811442,R-HSA-199991,1,0.020834526492483116,0.00897294215887155
2,3,R-HSA-68886,R-HSA-69278,0,0.2692948446224014,0.09592475910563748
2,3,R-HSA-68886,R-HSA-69278,1,0.05092866024306904,0.018141154808363782
2,3,R-HSA-69242,R-HSA-69278,0,0.06616991660236565,0.02849783193031031
2,3,R-HSA-69242,R-HSA-69278,1,0.012513961267459833,0.005389469766533356
2,3,R-HSA-69618,R-HSA-69620,0,0.006751539737216752,0.00261185210049786
2,3,R-HSA-69618,R-HSA-69620,1,0.0012768416803860068,0.000493949788451396
2,3,R-HSA-72086,R-HSA-72086,0,0.019852742883813335,0.012525686175401854
2,3,R-HSA-72086,R-HSA-72086,1,0.04437838112845874,0.02799964106927869
2,3,R-HSA-72172,R-HSA-72203,0,0.021694931883792797,0.008392745302007405
2,3,R-HSA-72172,R-HSA-72203,1,0.04849637094524111,0.018760957240854186
2,3,R-HSA-73856,R-HSA-73857,0,0.011355024961001338,0.005677512480500669
2,3,R-HSA-73856,R-HSA-73857,1,0.012555667268141125,0.006277833634070563
2,3,R-HSA-73929,R-HSA-73884,0,0.03596093993557868,0.015487533836539053
2,3,R-HSA-73929,R-HSA-73884,1,0.039603851239147704,0.017056450338126816
2,3,R-HSA-73933,R-HSA-73884,0,0.0452106423276396,0.01947116382595508
2,3,R-HSA-73933,R-HSA-73884,1,0.04979056760315031,0.021443630279845367
2,3,R-HSA-74752,R-HSA-9006934,0,0.002781873724730898,0.001198087800761913
2,3,R-HSA-74752,R-HSA-9006934,1,0.001339099153247284,0.0005767186142395355
2,3,R-HSA-75893,R-HSA-73887,0,0.015349231167699774,0.006610554048377786
2,3,R-HSA-75893,R-HSA-73887,1,0.00738859692868433,0.0031820954942374103
2,3,R-HSA-76005,R-HSA-76002,0,0.007928946536524633,0.00341481140349838
2,3,R-HSA-76005,R-HSA-76002,1,0.009390109500670336,0.004044100039680968
2,3,R-HSA-77075,R-HSA-73857,0,0.024375498135318942,0.012187749067659471
2,3,R-HSA-77075,R-HSA-73857,1,0.026952880983467018,0.013476440491733509
2,3,R-HSA-77588,R-HSA-75067,0,0.011623875687029375,0.0058119378435146874
2,3,R-HSA-77588,R-HSA-75067,1,0.025983755169993225,0.012991877584996613
2,3,R-HSA-8852135,R-HSA-597592,0,0.07912329740695266,0.030609069719533165
2,3,R-HSA-8852135,R-HSA-597592,1,0.06805310164474157,0.026326533412285878
2,3,R-HSA-8856828,R-HSA-199991,0,0.0029830733365066374,0.0012847397570471912
2,3,R-HSA-8856828,R-HSA-199991,1,0.009300482843234302,0.004005499939344794
2,3,R-HSA-8939211,R-HSA-9006931,0,0.015680127702440726,0.0067530634290384325
2,3,R-HSA-8939211,R-HSA-9006931,1,0.0075478788602105435,0.003250694488270402
2,3,R-HSA-8949664,R-HSA-8949215,0,0.006681621844728843,0.0033408109223644214
2,3,R-HSA-8949664,R-HSA-8949215,1,0.09116375919172871,0.04558187959586436
2,3,R-HSA-8951664,R-HSA-597592,0,0.07266173613509007,0.036330868067545034
2,3,R-HSA-8951664,R-HSA-597592,1,0.06249558287331288,0.03124779143665644
2,3,R-HSA-8956321,R-HSA-15869,0,0.09509765148574773,0.040956329222744926
2,3,R-HSA-8956321,R-HSA-15869,1,0.1225087468404896,0.05276164542314673
2,3,R-HSA-8957275,R-HSA-597592,0,0.1049068833912875,0.05245344169564375
2,3,R-HSA-8957275,R-HSA-597592,1,0.09022928860353065,0.04511464430176532
2,3,R-HSA-8963898,R-HSA-174824,0,0.008826703857826383,0.0034146351660280946
2,3,R-HSA-8963898,R-HSA-174824,1,0.12043116799367663,0.046589135416888486
2,3,R-HSA-8963899,R-HSA-174824,0,0.013180483278749587,0.005098906957092213
2,3,R-HSA-8963899,R-HSA-174824,1,0.17983394586749804,0.06956926679490621
2,3,R-HSA-8964043,R-HSA-174824,0,0.00960868398592888,0.0034226822944376247
2,3,R-HSA-8964043,R-HSA-174824,1,0.13110046579878634,0.046698928150737146
2,3,R-HSA-9007101,R-HSA-199991,0,0.000674675730389348,0.00029056702137973694
2,3,R-HSA-9007101,R-HSA-199991,1,0.0021034716803816932,0.000905915943311644
2,3,R-HSA-9012852,R-HSA-157118,0,0.003380835845431508,0.0014560467453215917
2,3,R-HSA-9012852,R-HSA-157118,1,0.0016274191585720333,0.0007008912817565008
2,3,R-HSA-9013694,R-HSA-157118,0,0.001458699210329629,0.0006282275551691411
2,3,R-HSA-9013694,R-HSA-157118,1,0.0007021680936630376,0.00030240733776775293
2,3,R-HSA-9018678,R-HSA-556833,0,0.07336660380539027,0.03159727640443979
2,3,R-HSA-9018678,R-HSA-556833,1,0.09451390404613519,0.04070492288466844
2,3,R-HSA-913531,R-HSA-1280215,0,0.05574887356627956,0.019858149437485217
2,3,R-HSA-913531,R-HSA-1280215,1,0.016650636202344825,0.005931076285196251
2,3,R-HSA-9605308,R-HSA-9675135,0,0.09503179651185817,0.04092796702925816
2,3,R-HSA-9605308,R-HSA-9675135,1,0.08963597520218733,0.03860411327963005
2,3,R-HSA-9607240,R-HSA-1280215,0,0.06672211502210793,0.03336105751105396
2,3,R-HSA-9607240,R-HSA-1280215,1,0.01992803731508712,0.00996401865754356
2,3,R-HSA-9707616,R-HSA-2262752,0,0.004432058367534899,0.0022160291837674496
2,3,R-HSA-9707616,R-HSA-2262752,1,0.005160805372112848,0.002580402686056424
2,3,R-HSA-9711123,R-HSA-2262752,0,0.008468023259690828,0.0036469791111690803
2,3,R-HSA-9711123,R-HSA-2262752,1,0.009860389266857684,0.004246638510714096
2,3,R-HSA-9725554,R-HSA-9734767,0,0.015344840406144682,0.007672420203072341
2,3,R-HSA-9725554,R-HSA-9734767,1,0.005137654466579988,0.002568827233289994
2,3,R-HSA-9749641,R-HSA-9749641,0,0.1817385320816986,0.11466424726074452
2,3,R-HSA-9749641,R-HSA-9749641,1,0.06862949850213997,0.04330039257768788
2,3,R-HSA-9754706,R-HSA-9754706,0,0.04751491940232182,0.029978576389474567
2,3,R-HSA-9754706,R-HSA-9754706,1,0.017942947888933795,0.011320739689910504
2,3,R-HSA-975634,R-HSA-2187338,0,0.056565428676549345,0.020149012236433096
2,3,R-HSA-975634,R-HSA-2187338,1,0.06506671610091311,0.023177231916662513
2,3,R-HSA-9757110,R-HSA-9757110,0,0.09377684245275585,0.05916660009942664
2,3,R-HSA-9757110,R-HSA-9757110,1,0.035412730577473454,0.022342945376537745
2,3,R-HSA-977347,R-HSA-71291,0,0.035119107121807665,0.017559553560903832
2,3,R-HSA-977347,R-HSA-71291,1,0.04524189217996676,0.02262094608998338
2,3,R-HSA-9824446,R-HSA-5663205,0,0.11329065694119961,0.037763552313733205
2,3,R-HSA-9824446,R-HSA-5663205,1,0.10685810794138188,0.03561936931379396
2,3,R-HSA-983169,R-HSA-1280218,0,0.022186682145764698,0.00790305563840262
2,3,R-HSA-983169,R-HSA-1280218,1,0.006626543883630103,0.002360422557035748
2,3,R-HSA-983231,R-HSA-983231,0,0.05887568181172425,0.03714641941682272
2,3,R-HSA-983231,R-HSA-983231,1,0.06972541644790908,0.04399183981714653
2,3,R-HSA-9839373,R-HSA-9006936,0,0.009342246808186107,0.004023486700021735
2,3,R-HSA-9839373,R-HSA-9006936,1,0.004497039228051738,0.001936769376258351
2,3,R-HSA-9840373,R-HSA-2262752,0,0.005595986833878459,0.0027979934169392296
2,3,R-HSA-9840373,R-HSA-2262752,1,0.006516114170153742,0.003258057085076871
2,3,R-HSA-9856651,R-HSA-9730414,0,0.019976004309473164,0.008603196780063169
2,3,R-HSA-9856651,R-HSA-9730414,1,0.006688228778260124,0.002880463349828485
2,3,R-HSA-9907900,R-HSA-597592,0,0.07347577074688161,0.036737885373440804
2,3,R-HSA-9907900,R-HSA-597592,1,0.06319572599582338,0.03159786299791169
3,4,R-HSA-109581,R-HSA-5357801,0,0.0004737089370529737,0.00020401533453858034
3,4,R-HSA-109581,R-HSA-5357801,1,0.0007713636089280184,0.0003322082241161898
3,4,R-HSA-112315,R-HSA-112316,0,0.0487656507142534,0.021002222601823956
3,4,R-HSA-112315,R-HSA-112316,1,0.08137852429130223,0.03504782274287005
3,4,R-HSA-1280215,R-HSA-168256,0,0.1206730890072112,0.02840752075578321
3,4,R-HSA-1280215,R-HSA-168256,1,0.036041688692561226,0.00848453477101449
3,4,R-HSA-1280218,R-HSA-168256,0,0.03214895562114879,0.00929313227292886
3,4,R-HSA-1280218,R-HSA-168256,1,0.009601997549977499,0.0027755997540890305
3,4,R-HSA-1474228,R-HSA-1474244,0,0.02351963857878358,0.014839239772601667
3,4,R-HSA-1474228,R-HSA-1474244,1,0.00732285161211621,0.004620204963072831
3,4,R-HSA-1483249,R-HSA-1430728,0,0.029510991765374247,0.012709692358843627
3,4,R-HSA-1483249,R-HSA-1430728,1,0.038017285848372225,0.016373153816469265
3,4,R-HSA-157118,R-HSA-162582,0,0.0034790679572569596,0.0008904953625186109
3,4,R-HSA-157118,R-HSA-162582,1,0.0016747047969654606,0.00042865413197080233
3,4,R-HSA-15869,R-HSA-1430728,0,0.09509764969474278,0.04095632845140108
3,4,R-HSA-15869,R-HSA-1430728,1,0.12250874448755684,0.05276164440979375
3,4,R-HSA-165159,R-HSA-162582,0,0.011998551870577173,0.005999275935288586
3,4,R-HSA-165159,R-HSA-162582,1,0.005775693848687087,0.0028878469243435434
3,4,R-HSA-168249,R-HSA-168256,0,0.18835169299843704,0.04223670393582425
3,4,R-HSA-168249,R-HSA-168256,1,0.05625540363465776,0.012614926843938949
3,4,R-HSA-174824,R-HSA-382551,0,0.005254904366421005,0.0014200756576736764
3,4,R-HSA-174824,R-HSA-382551,1,0.07169768502073846,0.01937545007671565
3,4,R-HSA-186712,R-HSA-1266738,0,0.040286123855157015,0.015584800105965925
3,4,R-HSA-186712,R-HSA-1266738,1,0.013488323747074342,0.00521799590644404
3,4,R-HSA-194441,R-HSA-8953854,0,0.01088339301671882,0.00544169650835941
3,4,R-HSA-194441,R-HSA-8953854,1,0.024328494877968645,0.012164247438984322
3,4,R-HSA-195721,R-HSA-162582,0,0.0020293157879922754,0.0006764385959974251
3,4,R-HSA-195721,R-HSA-162582,1,0.0009768434921747589,0.0003256144973915863
3,4,R-HSA-196854,R-HSA-1430728,0,0.048582769167716415,0.016194256389238805
3,4,R-HSA-196854,R-HSA-1430728,1,0.06258634111708698,0.02086211370569566
3,4,R-HSA-199991,R-HSA-5653656,0,0.03326627458647216,0.00873737155255652
3,4,R-HSA-199991,R-HSA-5653656,1,0.10371599734375755,0.02724095847825672
3,4,R-HSA-202733,R-HSA-109582,0,0.042346330596046755,0.021173165298023378
3,4,R-HSA-202733,R-HSA-109582,1,0.05015000078464464,0.02507500039232232
3,4,R-HSA-211000,R-HSA-74160,0,0.23308014196083185,0.11654007098041592
3,4,R-HSA-211000,R-HSA-74160,1,0.25772524741408304,0.12886262370704152
3,4,R-HSA-211859,R-HSA-1430728,0,0.021586297031420214,0.008350719604403561
3,4,R-HSA-211859,R-HSA-1430728,1,0.02780836512205007,0.010757744112068186
3,4,R-HSA-2173782,R-HSA-5653656,0,0.0060595547703795865,0.002019851590126529
3,4,R-HSA-2173782,R-HSA-5653656,1,0.018892189668314623,0.006297396556104874
3,4,R-HSA-2187338,R-HSA-9709957,0,0.05656543090635051,0.028282715453175254
3,4,R-HSA-2187338,R-HSA-9709957,1,0.06506671825907408,0.03253335912953704
3,4,R-HSA-2262752,R-HSA-8953897,0,0.009181132744603158,0.0025610122121936473
3,4,R-HSA-2262752,R-HSA-8953897,1,0.010690752431261129,0.0029821099744029573
3,4,R-HSA-2980736,R-HSA-392499,0,0.040371182613048756,0.020185591306524378
3,4,R-HSA-2980736,R-HSA-392499,1,0.034722822601277306,0.017361411300638653
3,4,R-HSA-3247509,R-HSA-4839726,0,0.35997111364625967,0.17998555682312983
3,4,R-HSA-3247509,R-HSA-4839726,1,0.281877220966495,0.1409386104832475
3,4,R-HSA-372790,R-HSA-162582,0,0.004682889516857358,0.001560963172285786
3,4,R-HSA-372790,R-HSA-162582,1,0.0022541835167741143,0.0007513945055913715
3,4,R-HSA-381426,R-HSA-392499,0,0.037836503387867336,0.023872175758512755
3,4,R-HSA-381426,R-HSA-392499,1,0.032542771796425556,0.020532202990050954
3,4,R-HSA-391251,R-HSA-392499,0,0.0675537139244485,0.02909380099805613
3,4,R-HSA-391251,R-HSA-392499,1,0.0581022288684975,0.02502326794547704
3,4,R-HSA-418346,R-HSA-109582,0,0.01259976124045072,0.00629988062022536
3,4,R-HSA-418346,R-HSA-109582,1,0.014921671621218243,0.007460835810609121
3,4,R-HSA-425407,R-HSA-382551,0,0.017326650900241266,0.007462182372655166
3,4,R-HSA-425407,R-HSA-382551,1,0.23640407784618078,0.10181369456130762
3,4,R-HSA-525793,R-HSA-1266738,0,0.09997757889777859,0.06307882921664638
3,4,R-HSA-525793,R-HSA-1266738,1,0.033473808401674014,0.02111962168596637
3,4,R-HSA-556833,R-HSA-1430728,0,0.07336660470243189,0.031597276790774585
3,4,R-HSA-556833,R-HSA-1430728,1,0.09451390516145554,0.040704923365010776
3,4,R-HSA-5663202,R-HSA-1643685,0,0.014307033065051655,0.004135660028073435
3,4,R-HSA-5663202,R-HSA-1643685,1,0.013494692187543058,0.003900840853405492
3,4,R-HSA-5663205,R-HSA-1643685,0,0.11329065238533076,0.037763550795110255
3,4,R-HSA-5663205,R-HSA-1643685,1,0.10685810363345528,0.03561936787781843
3,4,R-HSA-5683057,R-HSA-162582,0,0.026953033117304306,0.008502735271352068
3,4,R-HSA-5683057,R-HSA-162582,1,0.01297427149228707,0.004092926957698933
3,4,R-HSA-597592,R-HSA-392499,0,0.14112930885592226,0.03612317913753626
3,4,R-HSA-597592,R-HSA-392499,1,0.12138380597752985,0.031069159221906412
3,4,R-HSA-6805567,R-HSA-1266738,0,0.00990237794051679,0.004951188970258395
3,4,R-HSA-6805567,R-HSA-1266738,1,0.0033154464502226453,0.0016577232251113226
3,4,R-HSA-69278,R-HSA-1640170,0,0.26326904156639314,0.07343704195327945
3,4,R-HSA-69278,R-HSA-1640170,1,0.04978907139425596,0.013888310235948163
3,4,R-HSA-69620,R-HSA-1640170,0,0.006751539218454967,0.002611851899813407
3,4,R-HSA-69620,R-HSA-1640170,1,0.001276841585063966,0.000493949751575797
3,4,R-HSA-71291,R-HSA-1430728,0,0.035119103843708914,0.017559551921854457
3,4,R-HSA-71291,R-HSA-1430728,1,0.04524188754686083,0.022620943773430414
3,4,R-HSA-72086,R-HSA-8953854,0,0.01985274320283609,0.012525686376682802
3,4,R-HSA-72086,R-HSA-8953854,1,0.0443783812834926,0.027999641167094167
3,4,R-HSA-72203,R-HSA-8953854,0,0.021694933635339673,0.00839274597959823
3,4,R-HSA-72203,R-HSA-8953854,1,0.04849637480058915,0.018760958732306397
3,4,R-HSA-72306,R-HSA-8953854,0,0.07254410871134426,0.03627205435567213
3,4,R-HSA-72306,R-HSA-8953854,1,0.16216349372944722,0.08108174686472361
3,4,R-HSA-73857,R-HSA-74160,0,0.06475732683555599,0.01584291511644592
3,4,R-HSA-73857,R-HSA-74160,1,0.07160454631286065,0.017518091073570982
3,4,R-HSA-73884,R-HSA-73894,0,0.0811715820880356,0.028913900928687078
3,4,R-HSA-73884,R-HSA-73894,1,0.08939441720968506,0.03184293389742288
3,4,R-HSA-73887,R-HSA-162582,0,0.015349231556403818,0.006610554215783507
3,4,R-HSA-73887,R-HSA-162582,1,0.007388597125834797,0.0031820955791454953
3,4,R-HSA-75067,R-HSA-8953854,0,0.025994547300779932,0.011195242160175912
3,4,R-HSA-75067,R-HSA-8953854,1,0.0581076373203779,0.025025597238917396
3,4,R-HSA-76002,R-HSA-109582,0,0.007928946711497421,0.0034148114788550583
3,4,R-HSA-76002,R-HSA-109582,1,0.009390109618065114,0.004044100090240147
3,4,R-HSA-8949215,R-HSA-382551,0,0.006681622036217924,0.003340811018108962
3,4,R-HSA-8949215,R-HSA-382551,1,0.09116376182377141,0.045581880911885704
3,4,R-HSA-9006925,R-HSA-162582,0,0.00750445733543669,0.0023673927086672935
3,4,R-HSA-9006925,R-HSA-162582,1,0.003612389962304755,0.0011395821543604728
3,4,R-HSA-9006931,R-HSA-162582,0,0.01568012769278609,0.006753063424880408
3,4,R-HSA-9006931,R-HSA-162582,1,0.007547878959310485,0.003250694530950424
3,4,R-HSA-9006934,R-HSA-162582,0,0.0048172008633768065,0.0012330012181020651
3,4,R-HSA-9006934,R-HSA-162582,1,0.0023188362769920225,0.0005935247533162243
3,4,R-HSA-9006936,R-HSA-162582,0,0.009342247586503687,0.004023487035224872
3,4,R-HSA-9006936,R-HSA-162582,1,0.004497039625430961,0.0019367695474002671
3,4,R-HSA-9675135,R-HSA-1643685,0,0.09503179138510649,0.04092796482128639
3,4,R-HSA-9675135,R-HSA-1643685,1,0.08963596955324576,0.038604110846763344
3,4,R-HSA-9716542,R-HSA-162582,0,0.07288283429695114,0.024294278098983713
3,4,R-HSA-9716542,R-HSA-162582,1,0.03508331184079557,0.01169443728026519
3,4,R-HSA-9730414,R-HSA-1266738,0,0.019976004133730803,0.008603196704375054
3,4,R-HSA-9730414,R-HSA-1266738,1,0.00668822875013575,0.0028804633377159765
3,4,R-HSA-9734767,R-HSA-1266738,0,0.015344840138823201,0.007672420069411601
3,4,R-HSA-9734767,R-HSA-1266738,1,0.005137654373776548,0.002568827186888274
3,4,R-HSA-9749641,R-HSA-9748784,0,0.18173850852074863,0.11466423239544016
3,4,R-HSA-9749641,R-HSA-9748784,1,0.06862948845180374,0.04330038623663172
3,4,R-HSA-9754706,R-HSA-9748784,0,0.04751492187950554,0.029978577952403482
3,4,R-HSA-9754706,R-HSA-9748784,1,0.01794294874050068,0.011320740227189386
3,4,R-HSA-9757110,R-HSA-9748784,0,0.09377684632916218,0.05916660254516673
3,4,R-HSA-9757110,R-HSA-9748784,1,0.035412731811028116,0.022342946154824083
3,4,R-HSA-983231,R-HSA-109582,0,0.058875684175570944,0.03714642090824394
3,4,R-HSA-983231,R-HSA-109582,1,0.06972541836652314,0.04399184102765722
3,4,R-HSA-9843745,R-HSA-1266738,0,0.0729979857127406,0.0364989928563703
3,4,R-HSA-9843745,R-HSA-1266738,1,0.024440685808958033,0.012220342904479016
4,5,R-HSA-109582,output_node,0,0.06347183258577178,0.01770501994735055
4,5,R-HSA-109582,output_node,1,0.0751685526181693,0.020967737487644092
4,5,R-HSA-112316,output_node,0,0.04876565606362139,0.02100222490567135
4,5,R-HSA-112316,output_node,1,0.08137853413574284,0.03504782698263985
4,5,R-HSA-1266738,output_node,0,0.14295610708694978,0.03365314182846362
4,5,R-HSA-1266738,output_node,1,0.04786358615372312,0.011267514806278432
4,5,R-HSA-1430728,output_node,0,0.1313696817971784,0.02762834698768485
4,5,R-HSA-1430728,output_node,1,0.16923588054879263,0.03559198413669945
4,5,R-HSA-1474244,output_node,0,0.023519639380258292,0.014839240278275911
4,5,R-HSA-1474244,output_node,1,0.007322851934497101,0.004620205166472526
4,5,R-HSA-162582,output_node,0,0.0831309414777654,0.013430258109416763
4,5,R-HSA-162582,output_node,1,0.04001640167105226,0.006464868477353549
4,5,R-HSA-1640170,output_node,0,0.2585645888824589,0.06618168145611616
4,5,R-HSA-1640170,output_node,1,0.04889937052100252,0.012516186292999124
4,5,R-HSA-1643685,output_node,0,0.07301181561328682,0.016622618218493083
4,5,R-HSA-1643685,output_node,1,0.0688662687543211,0.01567880053412749
4,5,R-HSA-168256,output_node,0,0.2749030226193729,0.04949115586410048
4,5,R-HSA-168256,output_node,1,0.08210587563084679,0.014781629716130756
4,5,R-HSA-382551,output_node,0,0.015335039602807509,0.003548194062031744
4,5,R-HSA-382551,output_node,1,0.2092306136193936,0.04841140551757526
4,5,R-HSA-392499,output_node,0,0.20005411707545415,0.04422490926814505
4,5,R-HSA-392499,output_node,1,0.1720644052100117,0.038037371187017534
4,5,R-HSA-4839726,output_node,0,0.3599711231027658,0.1799855615513829
4,5,R-HSA-4839726,output_node,1,0.2818772304409112,0.1409386152204556
4,5,R-HSA-5357801,output_node,0,0.0004737106051099825,0.00020401605293163155
4,5,R-HSA-5357801,output_node,1,0.0007713663493754771,0.00033220940436266887
4,5,R-HSA-5653656,output_node,0,0.029470349806405675,0.0068187968793991995
4,5,R-HSA-5653656,output_node,1,0.09188124584146024,0.02125931848568962
4,5,R-HSA-73894,output_node,0,0.08117158897780777,0.028913903382873442
4,5,R-HSA-73894,output_node,1,0.08939442527592362,0.03184293677067503
4,5,R-HSA-74160,output_node,0,0.2657897621281266,0.06149796023736336
4,5,R-HSA-74160,output_node,1,0.29389347274151917,0.06800054658224909
4,5,R-HSA-8953854,output_node,0,0.07573745721086968,0.01893436430271742
4,5,R-HSA-8953854,output_node,1,0.169301831897778,0.0423254579744445
4,5,R-HSA-8953897,output_node,0,0.009181131917382747,0.002561011981446349
4,5,R-HSA-8953897,output_node,1,0.010690751329233396,0.0029821096670000955
4,5,R-HSA-9709957,output_node,0,0.056565428966468274,0.028282714483234137
4,5,R-HSA-9709957,output_node,1,0.06506671550204583,0.032533357751022916
4,5,R-HSA-9748784,output_node,0,0.32303028902074754,0.13912157302890893
4,5,R-HSA-9748784,output_node,1,0.12198517421627632,0.0525361549674491
