"apt_name","coef_x2m","coef_x2y","coef_m2y","acme","acme_p","ade","ade_p","total","total_p","prop_m","prop_m_p","prop_m_ci_lower","prop_m_ci_upper","p_adjusted","ade_p_adjusted","prop_m_p_adjusted","Protein_id","UniProt","EntrezGeneSymbol","symbol","ref_name","label"
"seq.10082.251",1.65331418064406,-0.489924955495318,-0.0642461031747575,-0.0218088259245901,0.014,-0.489924955495325,0,-0.511733781419915,0,0.0426175224627087,0.014,0.0173479214345384,0.0674386254777594,0.0616756756756757,0,0.0585128205128205,"NFL__seq.10082.251__ANML","P07196","NEFL","NEFL","NEFL__seq.10082.251","NEFL"
"seq.10939.16",1.62047672924419,-0.0435597448081739,-0.0157935157790613,-0.00480490559415869,0.336,-0.0435597448081756,0.01,-0.0483646504023343,0,0.0993474687439648,0.336,-0.098046359033815,0.47580512587063,0.507111111111111,0.0108666666666667,0.507111111111111,"PKHA4__seq.10939.16__ANML","Q9H4M7","PLEKHA4","PLEKHA4","PLEKHA4__seq.10939.16","PLEKHA4"
"seq.10970.3",1.64451641145427,0.0531011620874139,0.044822497996571,0.0150581690477133,0.036,0.0531011620874148,0.01,0.0681593311351282,0,0.220926009644373,0.036,0.0220807457367969,0.619795195224774,0.112846153846154,0.0108666666666667,0.112846153846154,"NAR3__seq.10970.3__ANML","Q13508","ART3","ART3","ART3__seq.10970.3","ART3_1"
"seq.10990.21",1.64215927356536,-0.0316445260968643,-0.0267647143713514,-0.00850007989221397,0.05,-0.0316445260968629,0.008,-0.0401446059890768,0,0.211736538017755,0.05,0.00176835688479812,0.613738404234166,0.138135593220339,0.00893150684931507,0.138135593220339,"LRRK2__seq.10990.21__ANML","Q5S007","LRRK2","LRRK2","LRRK2__seq.10990.21","LRRK2"
"seq.11160.56",1.64157854255803,-0.041448972702991,-0.00723799602340015,-0.00241266534113353,0.598,-0.0414489727029921,0,-0.0438616380441257,0,0.0550062753859384,0.598,-0.118262745775787,0.222237078210971,0.732887218045113,0,0.732887218045113,"RN122__seq.11160.56__ANML","Q9H9V4","RNF122","RNF122","RNF122__seq.11160.56","RNF122"
"seq.11180.17",1.62992294260243,-0.0762256631271583,-0.0531787480066745,-0.0188517254838474,0.052,-0.0762256631271599,0.002,-0.0950773886110072,0.002,0.198277695246511,0.054,-0.0100588967577006,0.460832530227106,0.141266666666667,0.00262903225806452,0.1467,"SMRC1__seq.11180.17__ANML","Q92922","SMARCC1","SMARCC1","SMARCC1__seq.11180.17","SMARCC1"
"seq.11192.168",1.64451641145427,0.0472267766221538,0.0893171734320805,0.0312532168815564,0.008,0.0472267766221535,0.016,0.0784799935037098,0.002,0.3982316446048,0.006,0.157363534193873,0.811489614768019,0.0562068965517241,0.0168258064516129,0.0575294117647059,"TINAL__seq.11192.168__ANML","Q9GZM7","TINAGL1","TINAGL1","TINAGL1__seq.11192.168","TINAGL1"
"seq.11219.95",1.64867429813064,0.0347232618569789,0.0381431620583095,0.0115797701086907,0.034,0.0347232618569791,0.03,0.0463030319656698,0.004,0.250086649126481,0.03,0.0380327001607521,0.733882433978286,0.108666666666667,0.0303726708074534,0.101875,"FGFP3__seq.11219.95__ANML","Q8TAT2","FGFBP3","FGFBP3","FGFBP3__seq.11219.95","FGFBP3"
"seq.11286.78",1.64691218360311,-0.0553863664452178,-0.0359986785220341,-0.0122629387766017,0.1,-0.055386366445219,0.008,-0.0676493052218207,0,0.181272205773463,0.1,-0.0339608806820905,0.539887528172287,0.218763157894737,0.00893150684931507,0.218763157894737,"SELS__seq.11286.78__ANML","Q9BQE4","SELENOS","SELENOS","SELENOS__seq.11286.78","SELENOS"
"seq.11293.14",1.63946476405356,0.379403569942071,0.0307904124976471,0.00950721508699256,0.084,0.379403569942059,0,0.388910785029051,0,0.0244457481071973,0.084,-0.00369068418638564,0.0530703907091505,0.198434782608696,0,0.198434782608696,"LRRN1_CD__seq.11293.14__ANML","Q6UXK5","LRRN1","LRRN1","LRRN1__seq.11293.14","LRRN1_1"
"seq.11416.23",1.64182907557913,0.0240425288203199,0.0157055113649863,0.00484942105304844,0.088,0.0240425288203205,0.004,0.028891949873369,0,0.167846790344821,0.088,-0.0178475772373593,0.519187344775213,0.202028169014084,0.00497709923664122,0.202028169014084,"FBXL4_LRR4_and_LRR5__seq.11416.23__ANML","Q9UKA2","FBXL4","FBXL4","FBXL4__seq.11416.23","FBXL4_1"
"seq.11421.10",1.64451641145427,0.0580774626112529,0.0125247999173243,0.0040984292923176,0.516,0.0580774626112515,0,0.0621758919035691,0,0.0659166948288254,0.516,-0.176401525895677,0.322856755183004,0.675102362204724,0,0.675102362204724,"EHD4__seq.11421.10__ANML","Q9H223","EHD4","EHD4","EHD4__seq.11421.10","EHD4"
"seq.11556.19",1.64451641145427,-0.0597567443609799,-0.0707317533499728,-0.024503059406579,0.008,-0.0597567443609815,0.002,-0.0842598037675605,0,0.29080366095052,0.008,0.0953020905621355,0.598219297779951,0.0562068965517241,0.00262903225806452,0.0582142857142857,"ARFG1__seq.11556.19__ANML","Q8N6T3","ARFGAP1","ARFGAP1","ARFGAP1__seq.11556.19","ARFGAP1"
"seq.11563.51",1.64545246682719,-0.0527161724102514,-0.0282004998884895,-0.0090291074204375,0.038,-0.0527161724102503,0,-0.0617452798306878,0,0.146231541021375,0.038,0.0142110332550236,0.315048402822498,0.114703703703704,0,0.116867924528302,"SYTL4_C2_2__seq.11563.51__ANML","Q96C24","SYTL4","SYTL4","SYTL4__seq.11563.51","SYTL4_1"
"seq.11814.29",1.64451641145427,0.0362371511359578,0.0199120142470619,0.00578595178383212,0.136,0.0362371511359569,0.006,0.0420231029197891,0,0.137685020424978,0.136,-0.0565341928710321,0.453889304270958,0.267084337349398,0.00713868613138686,0.267084337349398,"Met__seq.11814.29__ANML","P08581","MET","MET","MET__seq.11814.29","MET_1"
"seq.12384.92",1.64451641145427,0.141824054137861,0.0670372413571495,0.0197718914299447,0.106,0.141824054137859,0,0.161595945567804,0,0.122353883078388,0.106,-0.0329828293073457,0.333378966724009,0.22151282051282,0,0.22151282051282,"CSN7B__seq.12384.92__ANML","Q9H9Q2","COPS7B","COPS7B","COPS7B__seq.12384.92","COPS7B"
"seq.12392.30",1.64159416292398,-0.0397549055499858,0.00876742037330549,0.00265168483318512,0.522,-0.0397549055499844,0,-0.0371032207167992,0,-0.0714677804771948,0.522,-0.365065539182775,0.148871581373029,0.675102362204724,0,0.675102362204724,"ARL1__seq.12392.30__ANML","P40616","ARL1","ARL1","ARL1__seq.12392.30","ARL1"
"seq.12482.5",1.64956750277019,-0.0418991573417223,0.00066433796671999,0.000215618462882788,0.982,-0.0418991573417238,0,-0.0416835388788411,0,-0.00517274849214489,0.982,-0.188888062254377,0.181904729901217,0.982,0,0.982,"BPTF__seq.12482.5__ANML","Q12830","BPTF","BPTF","BPTF__seq.12482.5","BPTF"
"seq.12501.10",1.64451641145427,-0.717207906320885,-0.0808085513606564,-0.0269361837868853,0.002,-0.717207906320902,0,-0.744144090107787,0,0.036197537741627,0.002,0.0144693695330564,0.0591802615134458,0.0543333333333333,0,0.0543333333333333,"TBCA__seq.12501.10__ANML","O75347","TBCA","TBCA","TBCA__seq.12501.10","TBCA"
"seq.12514.16",1.64416398073651,-0.0571950516328654,-0.0166047730233784,-0.0051125222203558,0.19,-0.0571950516328664,0,-0.0623075738532222,0,0.0820529817514538,0.19,-0.0439430493859994,0.225858608002549,0.344111111111111,0,0.344111111111111,"METTL1__seq.12514.16__ANML","Q9UBP6","METTL1","METTL1","METTL1__seq.12514.16","METTL1"
"seq.12587.65",1.63935153144393,-0.541685628468435,-0.0130770104358403,-0.00406941933143265,0.578,-0.541685628468439,0,-0.545755047799872,0,0.00745649416865294,0.578,-0.0209440847192163,0.0359970293880415,0.719190839694656,0,0.719190839694656,"ARL2__seq.12587.65__ANML","P36404","ARL2","ARL2","ARL2__seq.12587.65","ARL2"
"seq.12616.45",1.64408024929344,0.0912340727733535,6.04871120195476e-05,1.91011932693342e-05,0.954,0.0912340727733509,0,0.0912531739666202,0,0.000209320864568736,0.954,-0.139799101423375,0.119926442724125,0.9718875,0,0.9718875,"NRBP__seq.12616.45__ANML","Q9UHY1","NRBP1","NRBP1","NRBP1__seq.12616.45","NRBP1"
"seq.12881.17",1.64948977189801,-0.0539709989499252,0.00745059692991815,0.00226984823062482,0.638,-0.0539709989499234,0,-0.0517011507192986,0,-0.0439032439132452,0.638,-0.270014894451754,0.134355181362251,0.770325925925926,0,0.770325925925926,"RDH16__seq.12881.17__ANML","O75452","RDH16","RDH16","RDH16__seq.12881.17","RDH16"
"seq.12893.159",1.64762413248063,-0.12289785745305,-0.0889209708756975,-0.0301598735573138,0,-0.122897857453052,0,-0.153057731010365,0,0.197049004700529,0,0.0907056376936362,0.347014316345854,0,0,0,"IP16_HIN_2__seq.12893.159__ANML","Q16666","IFI16","IFI16","IFI16__seq.12893.159","IFI16_1"
"seq.13022.20",1.64451641145427,-0.635019424843239,-0.14914821316602,-0.0459418143521864,0.01,-0.63501942484323,0,-0.680961239195416,0,0.067466122457232,0.01,0.015853108698834,0.126208702227643,0.0562068965517241,0,0.0582142857142857,"P5I11__seq.13022.20__ANML","O14683","TP53I11","TP53I11","TP53I11__seq.13022.20","TP53I11"
"seq.13055.53",1.6554777165304,0.125207073289529,0.00211390337107896,0.000755229925919594,0.942,0.125207073289529,0,0.125962303215449,0,0.00599568209409312,0.942,-0.124268051831473,0.126137552752367,0.965698113207547,0,0.965698113207547,"PSD1__seq.13055.53__ANML","A5PKW4","PSD","PSD","PSD__seq.13055.53","PSD"
"seq.13468.5",1.62917447219575,-0.0459475946745767,-0.00837707225227993,-0.0025469833034173,0.46,-0.0459475946745773,0,-0.0484945779779946,0,0.0525209912038629,0.46,-0.0929791014723264,0.228727377002237,0.632823529411765,0,0.632823529411765,"NEUL4__seq.13468.5__ANML","Q96JN8","NEURL4","NEURL4","NEURL4__seq.13468.5","NEURL4"
"seq.13507.51",1.6493049719501,-0.0978692275528083,0.000791172454657722,0.000244077742366038,0.982,-0.0978692275528064,0,-0.0976251498104404,0,-0.00250015229518179,0.982,-0.194200548095415,0.178529440485079,0.982,0,0.982,"TRADD__seq.13507.51__ANML","Q15628","TRADD","TRADD","TRADD__seq.13507.51","TRADD"
"seq.13524.25",1.64305263585563,0.0585693774155996,0.129494076662876,0.0396964374748209,0.004,0.0585693774156006,0.04,0.0982658148904215,0.006,0.403969961670672,0.006,0.184354160680237,0.931811306904489,0.0543333333333333,0.0402469135802469,0.0575294117647059,"H6ST2__seq.13524.25__ANML","Q96MM7","HS6ST2","HS6ST2","HS6ST2__seq.13524.25","HS6ST2"
"seq.13576.15",1.66050870767129,0.0300811224022157,0.0131559313476673,0.00426616529240757,0.262,0.0300811224022155,0.004,0.0343472876946231,0,0.124206759215966,0.262,-0.0894372989686382,0.484471544726373,0.43358,0.00497709923664122,0.43358,"Glutathione_S.transferase_Pi__seq.13576.15__ANML","P09211","GSTP1","GSTP1","GSTP1__seq.13576.15","GSTP1_1"
"seq.13658.31",1.67696667320683,-0.0938633935734641,0.0511186543586535,0.0164101221116169,0.062,-0.0938633935734615,0,-0.0774532714618445,0.004,-0.211871258655627,0.066,-0.801812368353401,0.0136180229696833,0.15790625,0,0.16809375,"PDGF.CC__seq.13658.31__ANML","Q9NRA1","PDGFC","PDGFC","PDGFC__seq.13658.31","PDGFC_1"
"seq.13723.6",1.64215713785351,-0.138881568818621,-0.0324326969305473,-0.010526401635353,0.242,-0.138881568818619,0,-0.149407970453972,0,0.0704540835630712,0.242,-0.0541613925108509,0.196930493203428,0.4176875,0,0.4176875,"IL.10__seq.13723.6__ANML","P22301","IL10","IL10","IL10__seq.13723.6","IL10_1"
"seq.13732.79",1.64494372299333,0.25958536750044,0.0318669283599841,0.010138207707865,0.026,0.259585367500444,0,0.269723575208309,0,0.0375873992476751,0.026,0.00647940534225466,0.071297808931248,0.0941777777777778,0,0.0941777777777778,"Cardiotrophin.1__seq.13732.79__ANML","Q16619","CTF1","CTF1","CTF1__seq.13732.79","CTF1_1"
"seq.13742.66",1.64107130952,-0.0997553087402274,0.0811397912594198,0.0249276295330437,0.008,-0.099755308740228,0,-0.0748276792071843,0,-0.33313380552701,0.008,-0.872929005261547,-0.141010202234335,0.0562068965517241,0,0.0582142857142857,"IL.22__seq.13742.66__ANML","Q9GZX6","IL22","IL22","IL22__seq.13742.66","IL22_1"
"seq.14029.42",1.64400882881289,-0.0452831649057142,-0.00722112054491921,-0.00228300929018409,0.676,-0.0452831649057139,0,-0.047566174195898,0,0.0479964876044409,0.676,-0.158404481820786,0.298151981207771,0.803188405797101,0,0.803188405797101,"CSN2__seq.14029.42__ANML","P61201","COPS2","COPS2","COPS2__seq.14029.42","COPS2"
"seq.14101.2",1.64451641145427,0.0385403096552993,0.0437268355712068,0.0145756118570688,0.01,0.0385403096553008,0.002,0.0531159215123696,0,0.274411352416703,0.01,0.0817939089973224,0.608792642643216,0.0562068965517241,0.00262903225806452,0.0582142857142857,"CNTFR_alpha__seq.14101.2__ANML","P26992","CNTFR","CNTFR","CNTFR__seq.14101.2","CNTFR_1"
"seq.14125.5",1.65667449850647,0.0441874416028067,0.0485065902547343,0.0129435783269412,0.008,0.044187441602808,0.012,0.0571310199297491,0,0.226559552811366,0.008,0.0678685111441476,0.612918048915283,0.0562068965517241,0.0127843137254902,0.0582142857142857,"ApoM__seq.14125.5__ANML","O95445","APOM","APOM","APOM__seq.14125.5","APOM_2"
"seq.14283.12",1.64788507391643,-0.065334430092818,0.000431355238600664,0.000148834599446763,0.924,-0.0653344300928183,0.002,-0.0651855954933715,0,-0.00228324368781594,0.924,-0.168935564067151,0.18130365153302,0.965461538461539,0.00262903225806452,0.965461538461539,"RAB14__seq.14283.12__ANML","P61106","RAB14","RAB14","RAB14__seq.14283.12","RAB14"
"seq.14318.1",1.64400882881289,-0.195919164094085,-0.029730932939253,-0.0100228297943683,0.042,-0.195919164094081,0,-0.205941993888449,0,0.0486682177108439,0.042,0.00301647156899331,0.0917725890306487,0.12225,0,0.12225,"VPS29__seq.14318.1__ANML","Q9UBQ0","VPS29","VPS29","VPS29__seq.14318.1","VPS29"
"seq.14341.8",1.64019244469446,-0.111832525971564,-0.0368957598850348,-0.011664860330465,0.01,-0.111832525971565,0,-0.12349738630203,0,0.0944543093562889,0.01,0.0396471225320966,0.157574617445408,0.0562068965517241,0,0.0582142857142857,"FA69C__seq.14341.8__ANML","Q0P6D2","DIPK1C","DIPK1C","DIPK1C__seq.14341.8","DIPK1C"
"seq.14663.44",1.65818460877214,-0.0380914849955961,-0.012938831607108,-0.00426754445988823,0.266,-0.0380914849955968,0,-0.042359029455485,0,0.100746983931088,0.266,-0.068271773525562,0.314542001995104,0.43358,0,0.43358,"RNF8__seq.14663.44__ANML","O76064","RNF8","RNF8","RNF8__seq.14663.44","RNF8"
"seq.14685.17",1.65026660735785,-0.0729226736659812,-0.00809029972640641,-0.00265185985773532,0.502,-0.0729226736659822,0,-0.0755745335237176,0,0.0350893314730562,0.502,-0.07040484665552,0.130211805419863,0.670704918032787,0,0.670704918032787,"PKB_beta__seq.14685.17__ANML","P31751","AKT2","AKT2","AKT2__seq.14685.17","AKT2_1"
"seq.15326.64",1.64236443542527,-0.0682998544533486,-0.0281243807403397,-0.00906366505955025,0.276,-0.0682998544533488,0.002,-0.077363519512899,0,0.117156834598755,0.276,-0.120464465629227,0.505248094749493,0.441058823529412,0.00262903225806452,0.441058823529412,"GBP1__seq.15326.64__ANML","P32455","GBP1","GBP1","GBP1__seq.15326.64","GBP1"
"seq.15460.9",1.64559009610778,-0.047679424384839,1.1846635277548e-06,4.05635448625165e-07,0.968,-0.0476794243848389,0,-0.0476790187493902,0,-8.50762996523189e-06,0.968,-0.19175363099277,0.182536614474703,0.980024844720497,0,0.980024844720497,"CD26__seq.15460.9__ANML","P27487","DPP4","DPP4","DPP4__seq.15460.9","DPP4"
"seq.15468.14",1.64916491955299,-0.0396556121679971,-0.0698497702368724,-0.0215344706494462,0.004,-0.0396556121679978,0.024,-0.0611900828174441,0.002,0.351927463698532,0.002,0.164837748564213,0.865820820345175,0.0543333333333333,0.0246037735849057,0.0543333333333333,"FHR1__seq.15468.14__ANML","Q03591","CFHR1","CFHR1","CFHR1__seq.15468.14","CFHR1_1"
"seq.15487.164",1.64620964655008,-0.033095454477172,-0.0919360425203871,-0.0305649135238384,0.006,-0.0330954544771741,0.08,-0.0636603680010125,0.006,0.480124675423684,0,0.224983395843164,1.08498674252644,0.0562068965517241,0.08,0,"carboxylesterase._liver__seq.15487.164__ANML","P23141","CES1","CES1","CES1__seq.15487.164","CES1_1"
"seq.15548.35",1.64381402964269,-0.237900439187767,-0.0250194910152055,-0.0080552691982464,0.094,-0.237900439187767,0,-0.245955708386013,0,0.0327508934478728,0.094,-0.00470372385218529,0.0653478855444578,0.212805555555556,0,0.212805555555556,"SERA__seq.15548.35__ANML","O43175","PHGDH","PHGDH","PHGDH__seq.15548.35","PHGDH_1"
"seq.15606.19",1.64078537486762,-0.146976763917479,-0.0233482760774775,-0.00780994736914756,0.168,-0.146976763917479,0,-0.154786711286627,0,0.0504561877710902,0.168,-0.0245994377498199,0.125551141484504,0.314758620689655,0,0.314758620689655,"Keratin_19__seq.15606.19__ANML","P08727","KRT19","KRT19","KRT19__seq.15606.19","KRT19"
"seq.15626.223",1.65020149259491,0.0472798381905002,0.0373704870997477,0.0125656222999153,0.04,0.0472798381904985,0.008,0.0598454604904138,0,0.209967843792064,0.04,0.0121203899099151,0.518625992945561,0.118545454545455,0.00893150684931507,0.118545454545455,"Perlecan__seq.15626.223__ANML","P98160","HSPG2","HSPG2","HSPG2__seq.15626.223","HSPG2"
"seq.16302.11",1.64220629054845,-0.0762243752928197,-0.0280260919495039,-0.00864035847875528,0.182,-0.0762243752928207,0,-0.084864733771576,0,0.101813298584214,0.182,-0.0438003290586469,0.304891598872398,0.336988764044944,0,0.336988764044944,"SPLC2__seq.16302.11__ANML","Q96DR5","BPIFA2","BPIFA2","BPIFA2__seq.16302.11","BPIFA2_1"
"seq.16760.2",1.64451641145427,0.0671878783266067,0.0379717425000178,0.01249157672121,0.142,0.0671878783266067,0.008,0.0796794550478167,0.002,0.156772868410228,0.14,-0.0662342990201432,0.526609235314163,0.272305882352941,0.00893150684931507,0.268470588235294,"IL.26__seq.16760.2__ANML","Q9NPH9","IL26","IL26","IL26__seq.16760.2","IL26"
"seq.17138.8",1.6298100326582,-0.0609812856374477,-0.0698181994981196,-0.0222121002785427,0.018,-0.0609812856374471,0.022,-0.0831933859159898,0,0.266993584093006,0.018,0.0660749907771909,0.698800727959619,0.0698571428571429,0.0228407643312102,0.0698571428571429,"GST_A1.1__seq.17138.8__ANML","P08263","GSTA1","GSTA1","GSTA1__seq.17138.8","GSTA1_2"
"seq.17467.1",1.64435121260247,-0.0344572511890238,-0.0136065328920998,-0.00390458686667475,0.264,-0.0344572511890249,0.006,-0.0383618380556996,0,0.101783101763932,0.264,-0.088638369551243,0.41295545427407,0.43358,0.00713868613138686,0.43358,"DHRS9__seq.17467.1__ANML","Q9BPW9","DHRS9","DHRS9","DHRS9__seq.17467.1","DHRS9"
"seq.17755.5",1.64451641145427,-0.0947514077887812,-0.0348355362585652,-0.0114598579140296,0.288,-0.0947514077887816,0,-0.106211265702811,0,0.107896820908766,0.288,-0.0947229856320771,0.395220655375943,0.447085714285714,0,0.447085714285714,"UGDH__seq.17755.5__ANML","O60701","UGDH","UGDH","UGDH__seq.17755.5","UGDH"
"seq.18275.5",1.64451641145427,0.092677843447932,-0.028192414629503,-0.00915146443470776,0.212,0.0926778434479306,0,0.0835263790132228,0,-0.109563763481942,0.212,-0.370322924192156,0.074510053541182,0.375608695652174,0,0.375608695652174,"CRIP1__seq.18275.5__ANML","P50238","CRIP1","CRIP1","CRIP1__seq.18275.5","CRIP1"
"seq.18308.30",1.63878054806985,-0.108238720462246,0.00916250853273374,0.00297681499928128,0.65,-0.10823872046225,0,-0.105261905462969,0,-0.0282800789724306,0.65,-0.160235691492134,0.0847785467308789,0.779044117647059,0,0.779044117647059,"STXB6__seq.18308.30__ANML","Q8NFX7","STXBP6","STXBP6","STXBP6__seq.18308.30","STXBP6"
"seq.18336.31",1.64451641145427,-0.327169753630013,-0.107074654869782,-0.0375602192475156,0.014,-0.327169753630016,0,-0.364729972877532,0,0.102980895568261,0.014,0.0433454617722524,0.153426874757333,0.0616756756756757,0,0.0585128205128205,"CDA__seq.18336.31__ANML","P32320","CDA","CDA","CDA__seq.18336.31","CDA"
"seq.19152.4",1.64451641145427,-0.0463042331069881,0.00395404876063307,0.00118690468905566,0.788,-0.0463042331069872,0,-0.0451173284179315,0,-0.0263070693827681,0.788,-0.324876999911894,0.212510676939344,0.879753424657534,0,0.879753424657534,"IPP2__seq.19152.4__ANML","P41236","PPP1R2","PPP1R2","PPP1R2__seq.19152.4","PPP1R2"
"seq.19195.85",1.6404249169312,-0.0484785369509802,-0.0429648794323546,-0.0137833135941206,0.056,-0.0484785369509808,0.008,-0.0622618505451014,0.002,0.221376548776625,0.058,-0.0112068653911713,0.678094554114277,0.149639344262295,0.00893150684931507,0.154983606557377,"RS5__seq.19195.85__ANML","P46782","RPS5","RPS5","RPS5__seq.19195.85","RPS5"
"seq.19332.1",1.64295056816726,-0.10270480789957,0.00435829626926694,0.00125176985667206,0.758,-0.10270480789957,0,-0.101453038042898,0,-0.0123384166784908,0.758,-0.0840846925653392,0.0577413478268396,0.860277777777778,0,0.860277777777778,"MOBL3__seq.19332.1__ANML","Q9Y3A3","MOB4","MOB4","MOB4__seq.19332.1","MOB4"
"seq.19491.11",1.65581137091109,-0.0515928705466428,-0.0422553112785647,-0.0145656978510538,0.034,-0.0515928705466422,0.008,-0.066158568397696,0,0.220163437689517,0.034,0.0280434409622457,0.620840678661053,0.108666666666667,0.00893150684931507,0.108666666666667,"DHB8__seq.19491.11__ANML","Q92506","HSD17B8","HSD17B8","HSD17B8__seq.19491.11","HSD17B8"
"seq.19821.10",1.63266021530847,-0.0404413917427775,-0.0272279555680716,-0.0085117164078823,0.072,-0.0404413917427763,0,-0.0489531081506586,0,0.173874892308912,0.072,-0.0172096548205079,0.497966015548029,0.175164179104478,0,0.175164179104478,"PGRP.I.beta__seq.19821.10__ANML","Q96LB8","PGLYRP4","PGLYRP4","PGLYRP4__seq.19821.10","PGLYRP4"
"seq.20133.1",1.65323682205713,-0.145254360148728,0.000518574483494161,0.000177107527725083,0.942,-0.145254360148726,0,-0.145077252621001,0,-0.0012207808221166,0.942,-0.069399721832295,0.0683688646624943,0.965698113207547,0,0.965698113207547,"MAGE.3__seq.20133.1__ANML","P43357","MAGEA3","MAGEA3","MAGEA3__seq.20133.1","MAGEA3_2"
"seq.20135.85",1.64148652492054,-0.0823336132106723,-0.00953844776906264,-0.00321005453766537,0.446,-0.0823336132106714,0,-0.0855436677483367,0,0.0375253320574133,0.446,-0.0557419573040583,0.132193992591021,0.621350427350427,0,0.621350427350427,"MCE1__seq.20135.85__ANML","O60942","RNGTT","RNGTT","RNGTT__seq.20135.85","RNGTT_2"
"seq.20161.41",1.64451641145427,0.0397228744066307,0.060286341658924,0.0198324178057714,0.01,0.0397228744066329,0.012,0.0595552922124042,0,0.333008487894559,0.01,0.141345596799353,0.695457873421035,0.0562068965517241,0.0127843137254902,0.0582142857142857,"NCAM1__seq.20161.41__ANML","P13591","NCAM1","NCAM1","NCAM1__seq.20161.41","NCAM1_1"
"seq.20165.4",1.6416138727932,-0.0775590660071093,-0.0688120070146348,-0.023979031265362,0.004,-0.0775590660071114,0,-0.101538097272473,0,0.23615797330745,0.004,0.0698955897538051,0.46286391674934,0.0543333333333333,0,0.0543333333333333,"DPYS__seq.20165.4__ANML","Q14117","DPYS","DPYS","DPYS__seq.20165.4","DPYS"
"seq.20241.9",1.65163507362954,0.0841016013742206,0.0590838434892258,0.0198666198631896,0.004,0.0841016013742193,0,0.103968221237409,0,0.191083579450923,0.004,0.0655296908292514,0.377188587180581,0.0543333333333333,0,0.0543333333333333,"SNP23__seq.20241.9__ANML","O00161","SNAP23","SNAP23","SNAP23__seq.20241.9","SNAP23"
"seq.20398.60",1.64451641145427,-0.2493192537772,-0.108990714135036,-0.0352840793578517,0.012,-0.249319253777199,0,-0.28460333313505,0,0.123976339170661,0.012,0.0255130679523285,0.251423034868324,0.0592727272727273,0,0.0585128205128205,"POP7__seq.20398.60__ANML","O75817","POP7","POP7","POP7__seq.20398.60","POP7"
"seq.20517.1",1.64451641145427,0.0392132813852414,0.0508733328827954,0.0150045257542622,0.01,0.0392132813852416,0.01,0.0542178071395038,0.002,0.276745345226803,0.012,0.110387202238687,0.695658150254512,0.0562068965517241,0.0108666666666667,0.0585128205128205,"Desmoglein.2__seq.20517.1__ANML","Q14126","DSG2","DSG2","DSG2__seq.20517.1","DSG2_1"
"seq.20564.53",1.63930710809342,-0.0513610239936447,-0.0828311400017759,-0.0257761239865667,0.01,-0.0513610239936478,0.01,-0.0771371479802145,0,0.334159670943217,0.01,0.153537747109689,0.689805311625812,0.0562068965517241,0.0108666666666667,0.0582142857142857,"THY1__seq.20564.53__ANML","P04216","THY1","THY1","THY1__seq.20564.53","THY1"
"seq.20931.156",1.64572246303338,-0.0580351813631239,0.00951021426314031,0.00288970608521014,0.526,-0.0580351813631239,0,-0.0551454752779138,0,-0.0524015083857204,0.526,-0.24914542227787,0.121101247463826,0.675102362204724,0,0.675102362204724,"AUHM__seq.20931.156__ANML","Q13825","AUH","AUH","AUH__seq.20931.156","AUH"
"seq.20941.7",1.6495480250795,0.0653273113204286,0.0275993451771713,0.0094247545539515,0.014,0.0653273113204292,0,0.0747520658743807,0,0.126080188469836,0.014,0.0198767963124576,0.255610476633966,0.0616756756756757,0,0.0585128205128205,"UBL3__seq.20941.7__ANML","O95164","UBL3","UBL3","UBL3__seq.20941.7","UBL3"
"seq.21115.48",1.64451641145427,-0.853509565844223,-0.145743389314907,-0.043366924743789,0.004,-0.853509565844212,0,-0.896876490588001,0,0.0483532852058116,0.004,0.0223841020432064,0.0826741980071757,0.0543333333333333,0,0.0543333333333333,"BN3D2__seq.21115.48__ANML","Q7Z5W3","BCDIN3D","BCDIN3D","BCDIN3D__seq.21115.48","BCDIN3D"
"seq.21130.82",1.63680965757453,-0.180291259914814,0.0132027687916838,0.00402776775200857,0.5,-0.180291259914812,0,-0.176263492162803,0,-0.022850833729587,0.5,-0.0954813991843708,0.0497735259369438,0.670704918032787,0,0.670704918032787,"ITPK1__seq.21130.82__ANML","Q13572","ITPK1","ITPK1","ITPK1__seq.21130.82","ITPK1"
"seq.21157.6",1.65707689467891,-0.066421320071841,-0.0116174498891151,-0.00369553326876961,0.548,-0.0664213200718397,0.002,-0.0701168533406093,0,0.0527053496085695,0.548,-0.152420907241803,0.352781090424217,0.687107692307692,0.00262903225806452,0.687107692307692,"HYKK__seq.21157.6__ANML","A2RU49","HYKK","HYKK","HYKK__seq.21157.6","HYKK"
"seq.21206.218",1.63861860134111,-0.0522038915953528,-0.0226125579701488,-0.006930293598557,0.228,-0.052203891595354,0,-0.059134185193911,0,0.117196061395475,0.228,-0.0731553816431293,0.377510496734352,0.399612903225806,0,0.399612903225806,"HAX1__seq.21206.218__ANML","O00165","HAX1","HAX1","HAX1__seq.21206.218","HAX1"
"seq.21207.1",1.63885010401726,-0.0562324848553428,0.0109447171589795,0.00368018510424533,0.434,-0.056232484855343,0,-0.0525522997510977,0,-0.0700290019975474,0.434,-0.317032898260555,0.102486376523167,0.609844827586207,0,0.609844827586207,"COASY__seq.21207.1__ANML","Q13057","COASY","COASY","COASY__seq.21207.1","COASY"
"seq.21217.20",1.63755636927266,-0.067333280039548,-0.0213046874054635,-0.00738115154205078,0.346,-0.0673332800395485,0,-0.0747144315815993,0,0.0987915103655639,0.346,-0.0916357277416438,0.323924677381745,0.517412844036697,0,0.517412844036697,"PHB2__seq.21217.20__ANML","Q99623","PHB2","PHB2","PHB2__seq.21217.20","PHB2_1"
"seq.21238.40",1.6451479948299,-0.103289743760419,-0.0327661081329313,-0.0111702641362265,0.068,-0.103289743760417,0,-0.114460007896644,0,0.0975909782071062,0.068,-0.00491969177450621,0.205478893152962,0.170523076923077,0,0.170523076923077,"CK5P3__seq.21238.40__ANML","Q96JB5","CDK5RAP3","CDK5RAP3","CDK5RAP3__seq.21238.40","CDK5RAP3"
"seq.21272.100",1.63056699203969,-0.0678348186972613,0.0164157504262596,0.00559726468278648,0.426,-0.0678348186972627,0,-0.0622375540144762,0,-0.0899338794947594,0.426,-0.430509435537903,0.14393467320829,0.603808695652174,0,0.603808695652174,"CN166__seq.21272.100__ANML","Q9Y224","RTRAF","RTRAF","RTRAF__seq.21272.100","RTRAF"
"seq.21289.36",1.6445780864746,-0.0395340224271734,-0.021513469732049,-0.00706468525698739,0.106,-0.0395340224271738,0,-0.0465987076841612,0,0.151606892295613,0.106,-0.0564758938004205,0.39905073364879,0.22151282051282,0,0.22151282051282,"Sperm.associated_antigen_7__seq.21289.36__ANML","O75391","SPAG7","SPAG7","SPAG7__seq.21289.36","SPAG7"
"seq.21310.37",1.63251302173154,-0.0534627803310433,-0.0572663030770189,-0.0189550460272445,0.022,-0.0534627803310445,0.022,-0.072417826358289,0,0.261745580894184,0.022,0.0514321675656444,0.745772587587236,0.0833953488372093,0.0228407643312102,0.0833953488372093,"MRT4__seq.21310.37__ANML","Q9UKD2","MRTO4","MRTO4","MRTO4__seq.21310.37","MRTO4"
"seq.21497.32",1.64400882881289,0.0511044098894325,0.00832112054792189,0.0026089801543266,0.4,0.051104409889433,0,0.0537133900437596,0,0.0485722489718318,0.4,-0.0696662735908332,0.185263907830111,0.576991150442478,0,0.576991150442478,"HYOU1__seq.21497.32__ANML","Q9Y4L1","HYOU1","HYOU1","HYOU1__seq.21497.32","HYOU1"
"seq.21508.7",1.64451641145427,-0.315427342041672,-0.0535709260213652,-0.0194930856465176,0.01,-0.315427342041682,0,-0.3349204276882,0,0.0582021400756871,0.01,0.0166136275408298,0.0855766309955876,0.0562068965517241,0,0.0582142857142857,"SIA8A__seq.21508.7__ANML","Q92185","ST8SIA1","ST8SIA1","ST8SIA1__seq.21508.7","ST8SIA1_1"
"seq.21590.9",1.66253600673484,0.0648831781169782,0.0121398521847333,0.00383307557987622,0.496,0.0648831781169786,0,0.0687162536968548,0,0.0557812071185665,0.496,-0.128204329305403,0.27899352333239,0.670704918032787,0,0.670704918032787,"ANRA2__seq.21590.9__ANML","Q9H9E1","ANKRA2","ANKRA2","ANKRA2__seq.21590.9","ANKRA2"
"seq.21643.8",1.64451641145427,-0.0495575887433344,-0.0478005905862687,-0.0155164220751243,0.014,-0.0495575887433333,0.004,-0.0650740108184576,0,0.238442688255559,0.014,0.0608397458344499,0.563192809201908,0.0616756756756757,0.00497709923664122,0.0585128205128205,"RS20__seq.21643.8__ANML","P60866","RPS20","RPS20","RPS20__seq.21643.8","RPS20"
"seq.21707.15",1.63893124597037,0.067329751397635,0.0529178670502242,0.0173773956426932,0.012,0.0673297513976365,0,0.0847071470403297,0,0.205146746760574,0.012,0.0521339434305637,0.398104037294549,0.0592727272727273,0,0.0585128205128205,"C1QL3__seq.21707.15__ANML","Q5VWW1","C1QL3","C1QL3","C1QL3__seq.21707.15","C1QL3"
"seq.21793.4",1.65063138523651,-0.0468703214734227,-0.0223743074725179,-0.00762760482017652,0.088,-0.046870321473421,0,-0.0544979262935976,0,0.139961377229001,0.088,-0.0185673284138018,0.349301135256077,0.202028169014084,0,0.202028169014084,"FR1OP__seq.21793.4__ANML","O95684","CEP43","CEP43","CEP43__seq.21793.4","CEP43"
"seq.21796.43",1.64916491955299,0.0468252845303472,0.0250725533183174,0.0079487658118333,0.14,0.0468252845303491,0.002,0.0547740503421824,0,0.145119189875061,0.14,-0.0381599363691048,0.448291307629795,0.271666666666667,0.00262903225806452,0.268470588235294,"Glutathione_peroxidase_3__seq.21796.43__ANML","P22352","GPX3","GPX3","GPX3__seq.21796.43","GPX3"
"seq.21802.53",1.64451641145427,-0.0657647197099936,-0.00703545751713053,-0.00248635278746744,0.544,-0.0657647197099906,0,-0.068251072497458,0,0.036429505009757,0.544,-0.0696541822882913,0.141158480244549,0.687107692307692,0,0.687107692307692,"NEIL1__seq.21802.53__ANML","Q96FI4","NEIL1","NEIL1","NEIL1__seq.21802.53","NEIL1"
"seq.21823.5",1.64027228355077,-0.0672191227637138,-0.0252062747342123,-0.00755087531339289,0.06,-0.0672191227637157,0,-0.0747699980771086,0,0.100988036747117,0.06,-0.0047183794231447,0.240053309293603,0.157741935483871,0,0.157741935483871,"PPM1G__seq.21823.5__ANML","O15355","PPM1G","PPM1G","PPM1G__seq.21823.5","PPM1G"
"seq.21828.6",1.63691734785629,-0.0587129784555288,-0.0379358719995727,-0.0124902695900518,0.044,-0.0587129784555299,0,-0.0712032480455816,0,0.175417132404634,0.044,0.00534116281358743,0.387794469271692,0.125824561403509,0,0.125824561403509,"RPN2__seq.21828.6__ANML","P04844","RPN2","RPN2","RPN2__seq.21828.6","RPN2"
"seq.21857.26",1.64451641145427,-0.0569880112562453,-0.0193753142610683,-0.00640771736906204,0.37,-0.0569880112562443,0,-0.0633957286253063,0,0.101074906906334,0.37,-0.116508250346797,0.376615484236077,0.543333333333333,0,0.543333333333333,"RACK1__seq.21857.26__ANML","P63244","RACK1","RACK1","RACK1__seq.21857.26","RACK1"
"seq.21861.8",1.64321199752146,-0.104287659342696,-0.0210722381916748,-0.00664373623335766,0.116,-0.104287659342699,0,-0.110931395576056,0,0.0598904953720033,0.116,-0.0139285266855935,0.133124301700016,0.23635,0,0.23635,"PSB10__seq.21861.8__ANML","P40306","PSMB10","PSMB10","PSMB10__seq.21861.8","PSMB10"
"seq.21864.20",1.64262111619116,-0.0598233133766134,0.0016738701184636,0.000574524852887257,0.87,-0.0598233133766119,0,-0.0592487885237247,0,-0.00969682025915522,0.87,-0.219477447539421,0.193512385501646,0.939139072847682,0,0.939139072847682,"MAK16__seq.21864.20__ANML","Q9BXY0","MAK16","MAK16","MAK16__seq.21864.20","MAK16"
"seq.21916.82",1.64088005739129,0.11568980057622,0.012790134611853,0.00416266848259785,0.254,0.11568980057622,0,0.119852469058818,0,0.0347316039067583,0.254,-0.0210863008625484,0.0886888251846141,0.426824742268041,0,0.426824742268041,"OTUL__seq.21916.82__ANML","Q96BN8","OTULIN","OTULIN","OTULIN__seq.21916.82","OTULIN"
"seq.21940.12",1.66262471477946,-0.168623313957535,0.0121057039383926,0.00416266310864007,0.594,-0.168623313957539,0,-0.164460650848899,0,-0.0253109974158171,0.594,-0.125921064533408,0.0770770869893054,0.732887218045113,0,0.732887218045113,"WN10B__seq.21940.12__ANML","O00744","WNT10B","WNT10B","WNT10B__seq.21940.12","WNT10B"
"seq.21975.22",1.65290639573361,-0.0907863555881795,0.021562633012735,0.00681620885954232,0.39,-0.0907863555881789,0,-0.0839701467286366,0,-0.0811741925564334,0.39,-0.305668856288518,0.109781759472288,0.567589285714286,0,0.567589285714286,"ICA69__seq.21975.22__ANML","Q05084","ICA1","ICA1","ICA1__seq.21975.22","ICA1"
"seq.22055.31",1.64563874809385,-0.27535811317108,-0.0571309853232322,-0.0181281011121796,0.012,-0.27535811317108,0,-0.29348621428326,0,0.0617681520627852,0.012,0.0153324147969687,0.112130750540295,0.0592727272727273,0,0.0585128205128205,"FOXO1A__seq.22055.31__ANML","Q12778","FOXO1","FOXO1","FOXO1__seq.22055.31","FOXO1"
"seq.22088.3",1.63878162728857,-0.100786037470221,-0.00389579294558871,-0.00121679622185041,0.78,-0.100786037470219,0,-0.102002833692069,0,0.0119290433197545,0.78,-0.0771814490422538,0.0905912040367297,0.876827586206897,0,0.876827586206897,"BTG1__seq.22088.3__ANML","P62324","BTG1","BTG1","BTG1__seq.22088.3","BTG1"
"seq.22466.27",1.63125232725982,-0.0458933910850467,0.0092278385196942,0.00270023745787186,0.462,-0.0458933910850457,0,-0.0431931536271738,0,-0.0625154042045468,0.462,-0.32494611586687,0.136141356557097,0.632823529411765,0,0.632823529411765,"HES5__seq.22466.27__ANML","Q5TA89","HES5","HES5","HES5__seq.22466.27","HES5"
"seq.22472.4",1.65303404884161,-0.382451970512369,0.00653358730636135,0.00204639042491447,0.9,-0.382451970512364,0,-0.38040558008745,0,-0.00537949633768262,0.9,-0.0856328526150813,0.0661858884207325,0.952597402597403,0,0.952597402597403,"HTF4__seq.22472.4__ANML","Q99081","TCF12","TCF12","TCF12__seq.22472.4","TCF12"
"seq.22526.81",1.6433489701742,-0.0364483150937816,-0.00603452999568971,-0.00174154418296658,0.68,-0.0364483150937806,0.002,-0.0381898592767471,0,0.0456022676162873,0.68,-0.165670054711934,0.27491524373991,0.803188405797101,0.00262903225806452,0.803188405797101,"PDHB__seq.22526.81__ANML","P11177","PDHB","PDHB","PDHB__seq.22526.81","PDHB"
"seq.22533.95",1.63501055204729,-0.0378376046110302,-0.079418048514941,-0.0273064681245597,0.004,-0.0378376046110295,0.028,-0.0651440727355892,0,0.419170416860378,0.004,0.190261092059868,0.920090957949612,0.0543333333333333,0.028525,0.0543333333333333,"PP1RA__seq.22533.95__ANML","Q96QC0","PPP1R10","PPP1R10","PPP1R10__seq.22533.95","PPP1R10"
"seq.22549.73",1.64952194480792,-0.0918824475157208,-0.0058685432093579,-0.00181437929791448,0.756,-0.0918824475157251,0,-0.0936968268136395,0,0.0193643622694206,0.756,-0.166296714866345,0.19269934525322,0.860277777777778,0,0.860277777777778,"RIP__seq.22549.73__ANML","Q13546","RIPK1","RIPK1","RIPK1__seq.22549.73","RIPK1"
"seq.22782.80",1.64451641145427,1.21560499915166,0.073941690486505,0.0245827086172417,0.006,1.21560499915168,0,1.24018770776892,0,0.0198217644500489,0.006,0.00592767471768966,0.0330339939237741,0.0562068965517241,0,0.0575294117647059,"SPC25__seq.22782.80__ANML","Q9HBM1","SPC25","SPC25","SPC25__seq.22782.80","SPC25"
"seq.22786.57",1.64451641145427,-0.162930133151922,0.0103925618323343,0.0030561023887407,0.798,-0.16293013315192,0,-0.159874030763179,0,-0.019115689860023,0.798,-0.268992893724675,0.195182086975673,0.884857142857143,0,0.884857142857143,"SPT46__seq.22786.57__ANML","Q5T0L3","SPATA46","SPATA46","SPATA46__seq.22786.57","SPATA46"
"seq.22858.3",1.64451641145427,-0.0888107815789267,0.0336620697861785,0.0102219897780018,0.018,-0.0888107815789283,0,-0.0785887918009265,0,-0.130069308151411,0.018,-0.280014412523417,-0.0315735234254781,0.0698571428571429,0,0.0698571428571429,"MK06__seq.22858.3__ANML","Q16659","MAPK6","MAPK6","MAPK6__seq.22858.3","MAPK6"
"seq.23253.5",1.63648879231959,-0.0946261209559238,-0.00560729475977222,-0.00170528596112248,0.732,-0.0946261209559228,0,-0.0963314069170453,0,0.017702284391953,0.732,-0.0942240997018546,0.121565005619976,0.852257142857143,0,0.852257142857143,"CMTD1__seq.23253.5__ANML","Q86VU5","COMTD1","COMTD1","COMTD1__seq.23253.5","COMTD1"
"seq.23284.5",1.64363319190304,-0.0718436593696854,0.0382681475546747,0.0125656603910872,0.032,-0.0718436593696855,0,-0.0592779989785983,0,-0.211978484557549,0.032,-0.543452687040429,-0.0123124103077509,0.106448979591837,0,0.10432,"LMO4__seq.23284.5__ANML","P61968","LMO4","LMO4","LMO4__seq.23284.5","LMO4"
"seq.23285.51",1.64808312331325,-0.245186405866044,-0.0189628974225987,-0.00614337941083366,0.546,-0.245186405866038,0,-0.251329785276872,0,0.0244434992218131,0.546,-0.0591089589663587,0.107415390335406,0.687107692307692,0,0.687107692307692,"KCTD2__seq.23285.51__ANML","Q14681","KCTD2","KCTD2","KCTD2__seq.23285.51","KCTD2"
"seq.23362.26",1.6446369752162,-0.125773945531466,0.021739970201126,0.00692331509467182,0.518,-0.125773945531466,0,-0.118850630436794,0,-0.0582522370241336,0.518,-0.291201919854962,0.114149328130256,0.675102362204724,0,0.675102362204724,"X5NT1A__seq.23362.26__ANML","Q9BXI3","NT5C1A","NT5C1A","NT5C1A__seq.23362.26","NT5C1A"
"seq.23407.9",1.63560796634257,-0.055358556717007,0.0167524917413336,0.00488920223476274,0.246,-0.0553585567170085,0,-0.0504693544822457,0,-0.0968746734512461,0.246,-0.41454597204908,0.0825458537274666,0.4176875,0,0.4176875,"SAST__seq.23407.9__ANML","Q9NV23","OLAH","OLAH","OLAH__seq.23407.9","OLAH"
"seq.23520.60",1.63262007533001,-0.073477111386978,0.00557947980826036,0.00177149710710824,0.826,-0.0734771113869783,0,-0.0717056142798701,0,-0.0247051381526977,0.826,-0.256510148554939,0.195880444706524,0.89976,0,0.89976,"YE006__seq.23520.60__ANML","Q68D91","MBLAC2","MBLAC2","MBLAC2__seq.23520.60","MBLAC2"
"seq.23601.43",1.65140528194336,-0.0374516110167573,-0.00225840533665605,-0.000706373475341762,0.828,-0.0374516110167566,0.004,-0.0381579844920984,0,0.0185118130515524,0.828,-0.223484467712769,0.322903417098738,0.89976,0.00497709923664122,0.89976,"ACO12__seq.23601.43__ANML","Q8WYK0","ACOT12","ACOT12","ACOT12__seq.23601.43","ACOT12"
"seq.23631.1",1.64059380817947,-0.0742967554328351,0.00855840073323834,0.00269320302794214,0.406,-0.0742967554328352,0,-0.071603552404893,0,-0.0376127012904754,0.406,-0.137982761141903,0.0495604486319252,0.580508771929825,0,0.580508771929825,"GALK2__seq.23631.1__ANML","Q01415","GALK2","GALK2","GALK2__seq.23631.1","GALK2"
"seq.24423.9",1.63020551939176,-0.0691443476785618,-0.0283222904187771,-0.0088756473495461,0.286,-0.0691443476785597,0.006,-0.0780199950281058,0,0.113761188351124,0.286,-0.102237814261724,0.432641728167777,0.447085714285714,0.00713868613138686,0.447085714285714,"PP13G__seq.24423.9__ANML","B7ZBB8",NA,"PPP1R3G","PPP1R3G__seq.24423.9","PPP1R3G"
"seq.24493.10",1.64156769915468,-0.051090087012064,0.00432202835662483,0.00141649515928252,0.748,-0.0510900870120636,0.008,-0.0496735918527811,0.006,-0.0285160606762769,0.75,-0.337991039234032,0.229465611507362,0.860277777777778,0.00893150684931507,0.860277777777778,"MTMR7__seq.24493.10__ANML","Q9Y216","MTMR7","MTMR7","MTMR7__seq.24493.10","MTMR7"
"seq.24895.25",1.63654967380764,-0.0422648838804828,-0.0147462428082236,-0.00474725536019138,0.272,-0.0422648838804841,0.004,-0.0470121392406754,0,0.100979352075176,0.272,-0.107062688306631,0.37071272446533,0.438970297029703,0.00497709923664122,0.438970297029703,"FCSD1__seq.24895.25__ANML","Q86WN1","FCHSD1","FCHSD1","FCHSD1__seq.24895.25","FCHSD1"
"seq.24915.123",1.64298076023295,-0.0908567999789612,-0.00559099876743651,-0.00181646422837239,0.76,-0.0908567999789642,0,-0.0926732642073366,0,0.0196007364573718,0.76,-0.0973043405661458,0.130118470094764,0.860277777777778,0,0.860277777777778,"CAN13__seq.24915.123__ANML","Q6MZZ7","CAPN13","CAPN13","CAPN13__seq.24915.123","CAPN13"
"seq.25255.4",1.63481946258168,-0.0536925713280542,-0.0368784745091189,-0.012239003361608,0.07,-0.0536925713280563,0.006,-0.0659315746896643,0,0.185631898209868,0.07,-0.0190470673465799,0.516334855197334,0.172878787878788,0.00713868613138686,0.172878787878788,"TMUB1__seq.25255.4__ANML","Q9BVT8","TMUB1","TMUB1","TMUB1__seq.25255.4","TMUB1"
"seq.25262.6",1.64451641145427,-0.303850722223763,-0.0345740298122489,-0.0101067190114342,0.096,-0.303850722223766,0,-0.3139574412352,0,0.0321913663574001,0.096,-0.00524624017139662,0.0735506001508452,0.214356164383562,0,0.214356164383562,"ZW10__seq.25262.6__ANML","O43264","ZW10","ZW10","ZW10__seq.25262.6","ZW10"
"seq.25267.10",1.65125244702367,-0.0310943060736982,-0.00270703624756794,-0.000954449350629706,0.818,-0.0310943060736975,0.002,-0.0320487554243272,0,0.0297811674117372,0.818,-0.204419956014569,0.349710582984404,0.89976,0.00262903225806452,0.89976,"HS12A__seq.25267.10__ANML","O43301","HSPA12A","HSPA12A","HSPA12A__seq.25267.10","HSPA12A"
"seq.25288.16",1.65553676344319,-0.0596243378029832,-0.0162684081535525,-0.00570896644966368,0.246,-0.0596243378029851,0,-0.0653333042526488,0,0.08738217843057,0.246,-0.0493180224819533,0.241888862463555,0.4176875,0,0.4176875,"FMO3__seq.25288.16__ANML","P31513","FMO3","FMO3","FMO3__seq.25288.16","FMO3"
"seq.25951.17",1.64015449840763,-0.0663275024185081,-0.0305819123933621,-0.00887517037989175,0.026,-0.0663275024185082,0,-0.0752026727984,0,0.118016688099423,0.026,0.013893223395963,0.266097211447089,0.0941777777777778,0,0.0941777777777778,"PRAME__seq.25951.17__ANML","P78395","PRAME","PRAME","PRAME__seq.25951.17","PRAME"
"seq.2797.56",1.63798753270804,0.110116220839285,0.0592684023183134,0.0174075027788053,0.028,0.110116220839287,0,0.127523723618092,0,0.136504034582124,0.028,0.0207251935181037,0.327295889167571,0.0971063829787234,0,0.0971063829787234,"Apo_B__seq.2797.56__ANML","P04114","APOB","APOB","APOB__seq.2797.56","APOB"
"seq.2859.69",1.64451641145427,-0.080644078669206,-0.0130353772839048,-0.00415175629024866,0.284,-0.0806440786692081,0,-0.0847958349594568,0,0.0489617950248822,0.284,-0.0485946917039614,0.147122473267293,0.447085714285714,0,0.447085714285714,"HDAC8__seq.2859.69__ANML","Q9BY41","HDAC8","HDAC8","HDAC8__seq.2859.69","HDAC8"
"seq.2943.5",1.65581137091109,0.0787228046566311,-0.0401409031402058,-0.0138368467517418,0.048,0.0787228046566322,0,0.0648859579048904,0,-0.213248708942909,0.048,-0.507460943908732,-0.00297570314076443,0.134896551724138,0,0.134896551724138,"Cytochrome_P450_3A4__seq.2943.5__ANML","P08684","CYP3A4","CYP3A4","CYP3A4__seq.2943.5","CYP3A4_1"
"seq.3480.7",1.6403131701804,0.0822269877564683,0.0668917396115597,0.0203888359165376,0.062,0.0822269877564707,0.008,0.102615823673008,0,0.198690954150579,0.062,-0.00975454359704765,0.568281194107252,0.15790625,0.00893150684931507,0.160412698412698,"DUS3__seq.3480.7__ANML","P51452","DUSP3","DUSP3","DUSP3__seq.3480.7","DUSP3"
"seq.4337.49",1.64451641145427,-0.376256397673566,-0.243425301002407,-0.0849652010479598,0.012,-0.376256397673559,0,-0.461221598721519,0,0.184217741067371,0.012,0.0634402707099769,0.314496015796628,0.0592727272727273,0,0.0585128205128205,"CRP__seq.4337.49__ANML","P02741","CRP","CRP","CRP__seq.4337.49","CRP"
"seq.4498.62",1.64451641145427,0.0458268890555753,0.0566471724426871,0.0175477715681973,0.004,0.0458268890555757,0,0.063374660623773,0,0.276889397047355,0.004,0.105075759924623,0.607760842273261,0.0543333333333333,0,0.0543333333333333,"NCAM.120__seq.4498.62__ANML","P13591","NCAM1","NCAM1","NCAM1__seq.4498.62","NCAM1_2"
"seq.4905.63",1.63400316335646,-0.0398323670968494,0.0100810488583504,0.00345459255356272,0.312,-0.0398323670968495,0,-0.0363777745432867,0,-0.0949643730803825,0.312,-0.30253049386179,0.105396667485423,0.475289719626168,0,0.475289719626168,"Coactosin.like_protein__seq.4905.63__ANML","Q14019","COTL1","COTL1","COTL1__seq.4905.63","COTL1"
"seq.4912.17",1.63750078020312,0.0357543357693247,-0.00764270251053698,-0.0025297211462198,0.512,0.0357543357693255,0,0.0332246146231057,0,-0.076139969565231,0.512,-0.369574239352752,0.16175541143104,0.675102362204724,0,0.675102362204724,"GOT1__seq.4912.17__ANML","P17174","GOT1","GOT1","GOT1__seq.4912.17","GOT1"
"seq.4996.66",1.64916491955299,-0.060729934701451,-0.0601564436725457,-0.0196493536537398,0.028,-0.0607299347014499,0.016,-0.0803792883551897,0,0.244457920141204,0.028,0.0284199552199506,0.697071072555869,0.0971063829787234,0.0168258064516129,0.0971063829787234,"HRG__seq.4996.66__ANML","P04196","HRG","HRG","HRG__seq.4996.66","HRG"
"seq.5015.15",1.64451641145427,0.102063280378043,0.0643738923347252,0.020503028535929,0.032,0.102063280378046,0,0.122566308913975,0,0.16728111271034,0.032,0.0182968179915955,0.400092189916079,0.106448979591837,0,0.10432,"PAFAH__seq.5015.15__ANML","Q13093","PLA2G7","PLA2G7","PLA2G7__seq.5015.15","PLA2G7"
"seq.5383.14",1.65294694788419,0.0850448881513126,0.0371710627004396,0.011892140689126,0.13,0.085044888151316,0,0.096937028840442,0,0.122679030205273,0.13,-0.0445438804726589,0.355961402071901,0.261604938271605,0,0.261604938271605,"BAFF_Receptor__seq.5383.14__ANML","Q96RJ3","TNFRSF13C","TNFRSF13C","TNFRSF13C__seq.5383.14","TNFRSF13C"
"seq.5494.52",1.64264453280078,-0.157090103473029,0.0110667401386576,0.00347229883403977,0.36,-0.157090103473026,0,-0.153617804638987,0,-0.0226034921030146,0.36,-0.0807191717154038,0.0308494332567603,0.533454545454546,0,0.533454545454546,"RUXF__seq.5494.52__ANML","P62306","SNRPF","SNRPF","SNRPF__seq.5494.52","SNRPF"
"seq.5744.12",1.64202860418939,0.262404554307618,0.118231145871702,0.0408904225023535,0.006,0.262404554307618,0,0.303294976809971,0,0.134820638747253,0.006,0.0684493002201581,0.200084090399814,0.0562068965517241,0,0.0575294117647059,"CA056__seq.5744.12__ANML","Q9BUN1","MENT","MENT","MENT__seq.5744.12","MENT"
"seq.5918.5",1.63831432597183,-0.0404216894474099,-0.0325117247269719,-0.0106856717634107,0.038,-0.0404216894474107,0.012,-0.0511073612108215,0.002,0.209082830931763,0.04,0.00956546576783871,0.682660136501172,0.114703703703704,0.0127843137254902,0.118545454545455,"PSME1__seq.5918.5__ANML","Q06323","PSME1","PSME1","PSME1__seq.5918.5","PSME1"
"seq.5963.9",1.64926153667223,-0.0524720999823327,0.00413693965591966,0.00132468933864108,0.712,-0.0524720999823321,0,-0.051147410643691,0,-0.0258994408899658,0.712,-0.192792776099645,0.139685566581215,0.834935251798561,0,0.834935251798561,"Dermokine__seq.5963.9__ANML","Q6E0U4","DMKN","DMKN","DMKN__seq.5963.9","DMKN_1"
"seq.6372.7",1.64210556596454,-0.055166510270479,-0.0294528030346907,-0.00938888481018513,0.162,-0.0551665102704799,0.006,-0.064555395080665,0,0.145439196808466,0.162,-0.0588741758248656,0.462202701514048,0.307046511627907,0.00713868613138686,0.307046511627907,"YBOX2__seq.6372.7__ANML","Q9Y2T7","YBX2","YBX2","YBX2__seq.6372.7","YBX2"
"seq.6439.59",1.64916491955299,-0.0389706338613669,-0.043410309391123,-0.0142173502372671,0.016,-0.0389706338613671,0.008,-0.0531879840986342,0.002,0.267303799499184,0.014,0.0546250537034774,0.672802811349482,0.0686315789473684,0.00893150684931507,0.0585128205128205,"CN093__seq.6439.59__ANML","Q9H972","C14orf93","C14orf93","C14orf93__seq.6439.59","C14orf93"
"seq.6586.19",1.64530069963845,-0.088527972603573,-0.00189067472184559,-0.000591560802540741,0.94,-0.0885279726035722,0,-0.089119533406113,0,0.00663783549948618,0.94,-0.151964956027866,0.164932259931788,0.965698113207547,0,0.965698113207547,"ADA11__seq.6586.19__ANML","O75078","ADAM11","ADAM11","ADAM11__seq.6586.19","ADAM11"
"seq.7202.107",1.64662031383446,-0.0869097926586696,-0.00295206046916161,-0.000981437426318285,0.9,-0.0869097926586721,0,-0.0878912300849904,0,0.011166500063422,0.9,-0.179224666793969,0.187926679816903,0.952597402597403,0,0.952597402597403,"SEMA6C__seq.7202.107__ANML","Q9H3T2","SEMA6C","SEMA6C","SEMA6C__seq.7202.107","SEMA6C_2"
"seq.7203.125",1.6591065090283,-0.0389017286976433,-0.00126793392195205,-0.000425615780479387,0.924,-0.0389017286976448,0,-0.0393273444781242,0,0.0108223879879847,0.924,-0.158390395590987,0.168820246416374,0.965461538461539,0,0.965461538461539,"RFNG__seq.7203.125__ANML","Q9Y644","RFNG","RFNG","RFNG__seq.7203.125","RFNG"
"seq.7223.60",1.64451641145427,-1.00350455086205,-0.102764496972648,-0.0347031940038523,0.004,-1.00350455086207,0,-1.03820774486592,0,0.0334260596450607,0.004,0.00925305331479834,0.0567207033807572,0.0543333333333333,0,0.0543333333333333,"S100A13__seq.7223.60__ANML","Q99584","S100A13","S100A13","S100A13__seq.7223.60","S100A13"
"seq.7927.16",1.6494190345222,0.0689021097759585,0.0385580965323321,0.0128301304528124,0.114,0.0689021097759607,0.004,0.0817322402287731,0,0.156977594360563,0.114,-0.0356854539673807,0.477241979754104,0.235215189873418,0.00497709923664122,0.235215189873418,"SIA7E__seq.7927.16__ANML","Q9BVH7","ST6GALNAC5","ST6GALNAC5","ST6GALNAC5__seq.7927.16","ST6GALNAC5"
"seq.7965.25",1.64451641145427,-0.364498921707081,-0.101527557319389,-0.031539101575656,0,-0.364498921707082,0,-0.396038023282738,0,0.07963654932481,0,0.0321114439398693,0.138714617516134,0,0,0,"HBAT__seq.7965.25__ANML","P09105","HBQ1","HBQ1","HBQ1__seq.7965.25","HBQ1_2"
"seq.8039.41",1.64400882881289,0.049926228609034,0.0265320633409953,0.00836513088742299,0.102,0.0499262286090338,0.002,0.0582913594964568,0,0.143505503383078,0.102,-0.0346717755740887,0.407300984832935,0.218763157894737,0.00262903225806452,0.218763157894737,"F177A__seq.8039.41__ANML","Q8N128","FAM177A1","FAM177A1","FAM177A1__seq.8039.41","FAM177A1"
"seq.8275.31",1.6422094347406,0.0327549814024675,0.0172514830735297,0.00607722699181154,0.184,0.0327549814024685,0,0.03883220839428,0,0.15649964921147,0.184,-0.0749607501753166,0.48505145921021,0.336988764044944,0,0.336988764044944,"PEAR1_ECD__seq.8275.31__ANML","Q5VY43","PEAR1","PEAR1","PEAR1__seq.8275.31","PEAR1_1"
"seq.8347.222",1.63991303506532,0.0296595802839466,0.0147535508210942,0.00480137487247894,0.194,0.0296595802839477,0.002,0.0344609551564266,0,0.139327968440931,0.194,-0.070717771935273,0.45632845799539,0.347494505494506,0.00262903225806452,0.347494505494506,"DB129__seq.8347.222__ANML","Q9H1M3","DEFB129","DEFB129","DEFB129__seq.8347.222","DEFB129"
"seq.8760.10",1.64451641145427,-0.344672968259785,-0.103860818034598,-0.0304513393190443,0.006,-0.344672968259777,0,-0.375124307578821,0,0.0811766625191194,0.006,0.0457812706074906,0.141362851934494,0.0562068965517241,0,0.0575294117647059,"DCNL5__seq.8760.10__ANML","Q9BTE7","DCUN1D5","DCUN1D5","DCUN1D5__seq.8760.10","DCUN1D5"
"seq.8922.4",1.64869002777181,-0.23559295788562,-0.0840461027902258,-0.0265950080507532,0.008,-0.235592957885616,0,-0.262187965936369,0,0.101434892161327,0.008,0.0356303269993888,0.180689369171725,0.0562068965517241,0,0.0582142857142857,"TMCC3_region_1__seq.8922.4__ANML","Q9ULS5","TMCC3","TMCC3","TMCC3__seq.8922.4","TMCC3_2"
"seq.8967.6",1.65138892907445,-0.0840574783496566,0.000489749471563006,0.000167399030595589,0.888,-0.084057478349655,0,-0.0838900793190594,0,-0.00199545681628122,0.888,-0.17962275429137,0.132978164497533,0.952263157894737,0,0.952263157894737,"DUS26__seq.8967.6__ANML","Q9BV47","DUSP26","DUSP26","DUSP26__seq.8967.6","DUSP26"
"seq.8971.9",1.64451641145427,0.177751008505699,0.067449839869039,0.0235427015249697,0.074,0.1777510085057,0,0.20129371003067,0,0.116956965626907,0.074,-0.0105218728942945,0.241949750339407,0.177382352941176,0,0.177382352941176,"NRX1A__seq.8971.9__ANML","Q9ULB1","NRXN1","NRXN1","NRXN1__seq.8971.9","NRXN1_3"
"seq.9199.6",1.6367283586467,-0.0704825117623011,-0.0260982966389425,-0.00897343007795645,0.132,-0.0704825117622988,0,-0.0794559418402552,0,0.112935922350494,0.132,-0.0410321432620015,0.270789390987394,0.262390243902439,0,0.262390243902439,"UB2G2__seq.9199.6__ANML","P60604","UBE2G2","UBE2G2","UBE2G2__seq.9199.6","UBE2G2"
"seq.9207.60",1.6405351509313,-0.196608630633966,-0.111627077417246,-0.0325619597007513,0.002,-0.196608630633962,0,-0.229170590334714,0,0.142086118699582,0.002,0.0568002013868453,0.269009977476361,0.0543333333333333,0,0.0543333333333333,"QORL1__seq.9207.60__ANML","O95825","CRYZL1","CRYZL1","CRYZL1__seq.9207.60","CRYZL1"
"seq.9296.15",1.6505288783667,0.0430227003140076,0.0569023175043625,0.0184037215704671,0.018,0.0430227003140095,0.024,0.0614264218844766,0,0.299605951410919,0.018,0.0807904355677979,0.756639823298809,0.0698571428571429,0.0246037735849057,0.0698571428571429,"PTPRD__seq.9296.15__ANML","P23468","PTPRD","PTPRD","PTPRD__seq.9296.15","PTPRD"
"seq.9314.9",1.64451641145427,-0.18729356672481,0.0872776937621373,0.0273409180284527,0.008,-0.187293566724806,0,-0.159952648696354,0,-0.170931324059256,0.008,-0.337630323861964,-0.0608766574159454,0.0562068965517241,0,0.0582142857142857,"PSG5__seq.9314.9__ANML","Q15238","PSG5","PSG5","PSG5__seq.9314.9","PSG5"
"seq.9484.75",1.64281142036312,0.0507444442457659,0.0490213502054596,0.0157553335158156,0.018,0.0507444442457654,0.006,0.066499777761581,0.004,0.236923100289185,0.014,0.0517027453145072,0.671571897396335,0.0698571428571429,0.00713868613138686,0.0585128205128205,"Desmoglein.2__seq.9484.75__ANML","Q14126","DSG2","DSG2","DSG2__seq.9484.75","DSG2_2"
"seq.9747.48",1.65785803021875,-0.0441370402525869,-0.0264208573053959,-0.00809746064526158,0.102,-0.0441370402525862,0.004,-0.0522345008978478,0,0.15502130787269,0.102,-0.0297922348703331,0.457438456496374,0.218763157894737,0.00497709923664122,0.218763157894737,"MARK3__seq.9747.48__ANML","P27448","MARK3","MARK3","MARK3__seq.9747.48","MARK3"
"seq.9853.3",1.64069358424232,-0.151927696051381,0.0118795993486902,0.00418545042784703,0.63,-0.151927696051385,0,-0.147742245623538,0,-0.0283294084923548,0.63,-0.157748560565694,0.0965712344571071,0.76634328358209,0,0.76634328358209,"IFIT2__seq.9853.3__ANML","P09913","IFIT2","IFIT2","IFIT2__seq.9853.3","IFIT2"
"seq.9878.3",1.65575482151194,-0.0346391784918255,0.0112899561552825,0.00392866664102978,0.3,-0.0346391784918259,0,-0.0307105118507962,0.002,-0.127925794923797,0.302,-0.453905825285826,0.12879944254326,0.461320754716981,0,0.464396226415094,"SULT_1E__seq.9878.3__ANML","P49888","SULT1E1","SULT1E1","SULT1E1__seq.9878.3","SULT1E1_2"
